564,-1.041,29.986,-2.975,0.211,0.232,0.913,0.000,0.000,0.000,-12.649,14.245,8.580
705,-2.406,-1.663,2.625,0.249,0.256,0.913,0.264,0.142,-0.537,-14.742,15.669,216.812
822,-1.881,-4.296,4.883,0.208,0.253,0.874,0.261,0.132,-0.540,-12.872,16.119,215.452
942,0.525,-4.121,-0.201,0.227,0.252,0.951,0.258,0.131,-0.538,-13.003,14.853,215.504
1059,-10.185,-19.233,-5.355,0.207,0.323,0.920,0.242,0.128,-0.547,-11.987,19.334,216.441
1179,9.712,-63.954,-6.431,0.244,0.382,0.823,0.204,0.136,-0.553,-15.032,24.895,222.397
1301,44.056,-80.229,-16.004,-0.124,0.365,0.954,0.111,0.158,-0.552,6.943,20.943,243.496
1417,9.573,-59.150,-65.686,-0.239,0.041,1.035,0.034,0.187,-0.535,13.004,2.282,268.294
1537,-0.543,-53.550,-51.380,-0.383,0.138,0.889,-0.052,0.170,-0.519,23.065,8.829,295.590
1655,6.073,-55.667,-33.775,-0.404,0.332,0.878,-0.099,0.150,-0.504,23.268,20.677,311.972
1774,23.817,-52.500,-61.136,-0.539,0.285,0.887,-0.159,0.136,-0.462,30.042,17.832,328.091
1894,27.221,-1.295,-28.219,-0.627,0.160,0.897,-0.188,0.120,-0.442,34.507,10.119,335.927
2011,10.159,-7.122,-21.831,-0.530,0.137,0.874,-0.193,0.122,-0.428,30.928,8.941,336.340
2129,5.670,8.890,-64.776,-0.563,0.305,0.800,-0.195,0.096,-0.428,33.330,20.847,342.246
2249,16.459,14.805,-20.046,-0.471,0.250,0.835,-0.194,0.072,-0.437,28.390,16.649,348.332
2368,26.101,-11.113,-32.358,-0.218,0.106,0.849,-0.186,0.064,-0.438,14.274,7.100,349.564
2488,8.102,-16.914,-16.538,-0.489,0.287,0.845,-0.200,0.047,-0.421,28.703,18.766,355.328
2605,2.537,26.171,-3.789,-0.437,0.381,0.858,-0.194,0.044,-0.423,24.995,23.928,355.679
2724,19.110,-39.655,36.295,-0.063,0.470,0.899,-0.183,0.038,-0.443,3.559,27.618,356.749
2843,41.860,-53.725,-11.060,-0.662,0.156,0.817,-0.227,0.071,-0.401,38.527,10.809,351.117
2959,21.709,-1.400,-0.420,-0.463,0.245,0.887,-0.243,0.086,-0.379,26.693,15.421,349.162
3079,6.361,-3.946,-18.366,-0.484,0.024,0.824,-0.250,0.087,-0.370,30.393,1.662,349.436
3197,8.365,4.664,7.227,-0.541,0.130,0.825,-0.254,0.094,-0.356,32.943,8.932,348.194
3317,27.046,-8.382,5.556,-0.588,0.048,0.880,-0.258,0.111,-0.359,33.684,3.145,345.209
3436,-2.555,11.366,5.162,-0.545,0.044,0.856,-0.260,0.123,-0.352,32.457,2.929,343.290
3552,13.318,1.242,-11.165,-0.556,0.121,0.830,-0.258,0.121,-0.350,33.553,8.270,343.437
3672,17.273,6.379,10.430,-0.510,-0.001,0.855,-0.259,0.127,-0.351,30.803,-0.098,342.550
3794,15.365,-4.375,-11.769,-0.526,0.167,0.767,-0.264,0.131,-0.348,33.832,12.311,342.185
3914,18.384,-11.121,25.375,-0.622,-0.784,1.212,-0.268,0.148,-0.335,23.311,-32.881,339.691
4030,0.595,-12.731,-21.438,-0.726,0.180,0.858,-0.274,0.124,-0.333,39.649,11.825,344.149
4147,-13.352,-12.294,-1.356,-0.454,-0.169,0.741,-0.282,0.104,-0.323,30.817,-12.822,348.396
4265,-28.446,-14.472,8.068,-0.552,0.058,0.704,-0.288,0.107,-0.311,37.978,4.715,348.305
4388,-29.347,-3.369,-30.091,-0.837,0.117,0.611,-0.296,0.073,-0.306,53.378,10.879,354.767
4507,-19.766,28.919,2.231,-0.833,0.099,0.668,-0.283,0.036,-0.300,50.937,8.450,1.385
4626,-3.789,60.244,25.244,-0.471,0.166,0.707,-0.268,0.041,-0.349,32.959,13.244,359.922
4743,-7.875,51.135,28.788,-0.377,0.227,0.851,-0.240,0.050,-0.382,23.174,14.917,356.698
4862,8.540,49.219,11.270,-0.355,0.168,0.917,-0.208,0.051,-0.413,20.870,10.394,354.826
4985,20.090,7.814,-13.379,-0.101,0.045,0.887,-0.185,0.059,-0.443,6.484,2.921,350.982
5105,21.761,-62.991,7.289,-0.332,0.155,0.906,-0.199,0.063,-0.428,19.889,9.742,351.095
5225,-13.283,-4.970,9.100,-0.961,0.259,1.006,-0.242,0.072,-0.383,42.762,14.444,352.027
5341,13.641,48.799,-8.479,-0.419,0.148,0.914,-0.210,0.074,-0.407,24.338,9.172,349.086
5460,29.706,46.813,12.504,-0.391,0.148,0.869,-0.187,0.084,-0.441,23.957,9.653,344.486
5580,17.526,36.601,-3.561,-0.047,-0.056,1.038,-0.148,0.109,-0.465,2.577,-3.094,332.253
5700,16.914,3.203,13.738,-0.082,0.169,1.054,-0.131,0.100,-0.469,4.419,9.136,331.254
5815,5.854,-15.969,34.597,-0.206,-0.277,0.982,-0.142,0.140,-0.461,11.407,-15.763,323.865
5934,-7.691,-24.264,39.025,-0.474,0.421,0.832,-0.170,0.135,-0.451,26.954,26.831,330.128
6053,9.958,-3.701,28.849,-0.284,-0.127,0.940,-0.163,0.171,-0.440,16.690,-7.713,322.114
6175,0.035,-12.355,12.539,-0.504,0.005,0.940,-0.169,0.180,-0.433,28.218,0.283,321.740
6294,0.928,3.089,18.856,-0.400,-0.057,0.915,-0.177,0.192,-0.431,23.608,-3.546,321.296
6411,-8.155,6.169,11.086,-0.362,-0.005,0.907,-0.170,0.195,-0.436,21.744,-0.289,319.661
6530,4.524,18.708,27.571,-0.436,0.021,0.914,-0.165,0.194,-0.445,25.488,1.307,318.983
6648,9.791,25.882,22.400,-0.215,-0.057,1.016,-0.131,0.213,-0.452,11.908,-3.203,310.303
6771,6.563,30.739,-0.350,-0.295,-0.028,0.963,-0.114,0.223,-0.452,17.038,-1.659,305.761
6891,-4.952,29.496,-2.039,-0.159,0.014,0.933,-0.082,0.227,-0.468,9.645,0.835,298.572
7008,8.076,13.632,-5.530,-0.171,-0.001,1.006,-0.070,0.219,-0.484,9.668,-0.056,296.254
7123,6.781,10.701,-11.804,-0.174,-0.073,0.986,-0.063,0.224,-0.485,9.980,-4.239,294.222
7242,0.586,18.401,-17.587,-0.099,0.023,0.982,-0.057,0.215,-0.490,5.765,1.341,293.463
7362,-2.310,8.015,-16.135,-0.097,-0.049,0.943,-0.054,0.205,-0.492,5.851,-2.972,293.260
7484,-2.354,10.526,-16.739,-0.005,0.035,0.984,-0.053,0.193,-0.496,0.284,2.045,294.096
7603,7.298,-3.771,6.851,-0.081,-0.004,1.037,-0.059,0.186,-0.497,4.446,-0.199,296.262
7719,0.928,5.617,-3.071,0.096,0.003,0.953,-0.051,0.189,-0.492,-5.728,0.209,293.799
7839,3.308,-8.627,-6.073,-0.175,-0.052,0.974,-0.065,0.192,-0.490,10.181,-3.065,297.315
7958,-2.966,0.507,-26.416,-0.113,0.115,1.077,-0.075,0.179,-0.489,5.936,6.085,301.420
8078,2.441,-0.613,-14.980,-0.134,-0.110,0.966,-0.080,0.171,-0.489,7.830,-6.490,303.625
8197,5.749,7.569,-22.041,-0.034,-0.183,1.023,-0.082,0.160,-0.485,1.896,-10.153,305.623
8316,-1.321,-1.934,-16.450,-0.054,-0.130,1.000,-0.091,0.153,-0.485,3.092,-7.417,309.381
8435,9.389,-0.656,-8.137,-0.188,-0.065,1.053,-0.096,0.147,-0.488,10.098,-3.545,311.736
8554,-5.198,10.483,-2.398,-0.037,0.056,0.966,-0.092,0.145,-0.482,2.195,3.318,311.030
8674,-0.647,1.356,0.499,-0.006,0.064,0.964,-0.092,0.139,-0.493,0.384,3.807,312.243
8794,2.249,-8.251,-0.613,-0.068,0.032,1.015,-0.096,0.138,-0.485,3.824,1.800,313.404
8912,-2.389,1.540,3.911,-0.134,0.023,0.984,-0.103,0.134,-0.478,7.770,1.321,315.943
9032,6.352,4.734,6.650,-0.072,-0.010,1.025,-0.104,0.137,-0.483,4.011,-0.576,316.001
9151,6.090,-8.776,-3.465,0.078,0.015,1.006,-0.107,0.138,-0.479,-4.457,0.827,316.375
9271,3.868,-25.996,-4.874,-0.030,-0.130,0.982,-0.131,0.140,-0.461,1.738,-7.548,321.690
9387,-6.886,-43.785,10.649,-0.223,-0.119,0.937,-0.163,0.131,-0.452,13.302,-7.232,329.818
9506,-24.202,-62.624,-2.931,-0.469,-0.019,0.832,-0.205,0.128,-0.409,29.405,-1.281,336.585
9626,-13.904,-45.071,-2.013,-0.546,0.134,0.849,-0.247,0.103,-0.373,32.406,8.978,345.965
9742,-4.191,-20.449,-14.262,-0.626,0.108,0.844,-0.277,0.085,-0.344,36.325,7.316,351.424
9862,9.599,-18.279,16.083,-0.529,0.095,0.773,-0.286,0.079,-0.329,34.178,7.032,353.069
9985,-4.716,-24.946,-2.293,-0.768,-0.011,0.783,-0.298,0.092,-0.303,44.414,-0.790,351.366
10104,0.350,-11.795,8.610,-0.718,0.165,0.745,-0.307,0.089,-0.288,43.267,12.496,352.493
10223,14.875,15.155,7.718,-0.776,0.070,0.766,-0.311,0.096,-0.287,45.259,5.236,351.461
10340,16.564,31.132,-2.433,-0.714,0.059,0.756,-0.296,0.105,-0.298,43.289,4.429,349.086
10460,27.204,61.110,-84.560,-0.686,0.051,0.823,-0.275,0.084,-0.335,39.770,3.581,351.584
10583,21.665,63.560,-155.033,-0.288,0.054,0.851,-0.219,-0.022,-0.393,18.681,3.645,14.240
10701,11.498,31.028,-78.243,-0.213,0.163,0.899,-0.157,-0.093,-0.418,13.117,10.243,39.077
10821,0.884,2.879,-24.754,-0.175,0.219,0.958,-0.126,-0.129,-0.431,10.111,12.856,54.302
10938,-0.613,-6.878,12.985,-0.235,0.249,0.946,-0.119,-0.139,-0.422,13.509,14.720,58.017
11054,7.420,5.250,52.806,-0.235,0.182,0.971,-0.134,-0.116,-0.424,13.350,10.627,49.472
11175,3.955,0.368,46.716,-0.243,0.091,0.955,-0.152,-0.079,-0.427,14.231,5.472,36.149
11292,7.026,13.291,63.123,-0.298,0.120,0.939,-0.166,-0.043,-0.430,17.486,7.308,23.025
11409,5.206,7.394,64.829,-0.285,0.087,0.941,-0.172,0.008,-0.438,16.755,5.280,5.965
11525,2.870,6.037,59.806,-0.285,0.056,0.961,-0.173,0.047,-0.446,16.474,3.330,353.490
11644,-5.539,9.555,34.501,-0.273,0.067,0.976,-0.169,0.071,-0.442,15.571,3.942,345.950
11767,0.709,6.921,20.274,-0.260,0.023,0.963,-0.162,0.095,-0.448,15.091,1.379,338.247
11886,-2.686,6.466,13.239,-0.265,0.044,0.971,-0.165,0.094,-0.455,15.261,2.601,339.024
12005,1.995,5.259,17.561,-0.285,0.046,0.964,-0.167,0.096,-0.453,16.421,2.753,338.690
12122,3.605,5.276,14.481,-0.227,0.026,0.975,-0.158,0.108,-0.456,13.108,1.537,334.171
12240,1.628,10.369,10.675,-0.243,-0.000,0.975,-0.159,0.116,-0.457,13.977,-0.014,332.442
12364,-0.490,7.350,9.677,-0.204,0.031,0.972,-0.154,0.116,-0.466,11.862,1.848,331.402
12480,0.044,5.154,3.684,-0.188,0.019,0.991,-0.146,0.114,-0.463,10.758,1.107,330.534
12599,3.342,6.755,4.716,-0.189,0.013,0.981,-0.138,0.116,-0.466,10.898,0.759,328.506
12719,2.389,-3.019,2.537,-0.214,0.004,0.958,-0.133,0.115,-0.468,12.603,0.255,327.707
12834,2.914,-10.824,14.017,-0.247,0.039,0.982,-0.144,0.118,-0.464,14.101,2.258,329.254
12954,5.031,-14.481,21.849,-0.224,0.020,0.948,-0.152,0.132,-0.451,13.319,1.187,327.581
13074,11.900,0.577,9.091,-0.258,-0.083,0.960,-0.158,0.151,-0.452,14.963,-4.923,324.932
13190,3.517,-10.010,18.331,-0.294,-0.058,0.967,-0.169,0.163,-0.446,16.881,-3.457,324.641
13306,-2.214,0.858,11.480,-0.278,-0.034,0.934,-0.171,0.172,-0.442,16.550,-2.105,323.440
13425,1.584,-3.089,1.663,-0.309,-0.034,0.943,-0.171,0.174,-0.438,18.159,-2.049,322.999
13544,7.227,-3.089,9.704,-0.337,-0.006,0.941,-0.176,0.173,-0.437,19.684,-0.390,324.155
13667,6.431,-2.293,5.294,-0.342,-0.098,0.959,-0.171,0.180,-0.430,19.547,-5.820,322.144
13786,-3.876,-2.546,0.350,-0.334,-0.071,0.938,-0.175,0.184,-0.431,19.543,-4.315,322.262
13915,0.499,-2.319,18.121,-0.280,-0.036,0.942,-0.182,0.179,-0.431,16.547,-2.159,324.136
14044,6.265,-2.905,10.273,-0.336,-0.117,0.961,-0.182,0.195,-0.424,19.145,-6.952,321.557
14162,2.118,1.995,-0.472,-0.313,-0.000,0.956,-0.178,0.191,-0.428,18.118,-0.004,321.515
14285,5.679,0.429,12.583,-0.307,-0.101,0.934,-0.180,0.192,-0.430,18.075,-6.152,321.703
14404,4.524,-2.695,1.234,-0.372,-0.102,0.944,-0.183,0.199,-0.420,21.384,-6.148,321.163
14520,-0.831,1.435,2.511,-0.350,-0.083,0.934,-0.187,0.204,-0.422,20.479,-5.099,321.058
14640,-3.342,1.855,3.929,-0.329,-0.076,0.936,-0.183,0.196,-0.414,19.334,-4.636,321.656
14755,-7.490,5.539,4.909,-0.317,-0.035,0.945,-0.190,0.190,-0.419,18.529,-2.133,323.601
14877,3.395,-5.364,7.472,-0.358,-0.042,0.968,-0.187,0.192,-0.418,20.255,-2.456,322.817
14994,-5.381,-0.831,-1.330,-0.329,-0.014,0.905,-0.193,0.190,-0.422,19.983,-0.869,324.062
15110,0.061,-3.754,11.541,-0.324,-0.077,0.960,-0.197,0.192,-0.417,18.620,-4.564,324.303
15226,-0.289,4.716,3.080,-0.368,-0.027,0.906,-0.202,0.189,-0.413,22.114,-1.735,325.570
15346,-5.233,0.831,4.961,-0.394,-0.057,0.937,-0.198,0.194,-0.406,22.788,-3.511,324.154
15469,3.553,3.404,7.989,-0.317,-0.056,0.941,-0.195,0.189,-0.411,18.581,-3.379,324.479
15585,-5.915,4.463,11.576,-0.335,-0.027,0.921,-0.192,0.195,-0.414,19.988,-1.708,323.041
15704,0.884,-1.260,-0.289,-0.398,0.034,0.956,-0.193,0.191,-0.421,22.581,2.054,323.894
15822,4.559,5.390,2.922,-0.344,-0.075,0.940,-0.191,0.196,-0.411,20.055,-4.549,322.814
15939,-0.333,4.497,8.453,-0.345,-0.068,0.910,-0.186,0.199,-0.417,20.715,-4.245,321.538
16058,0.438,0.595,1.278,-0.369,-0.045,0.922,-0.192,0.195,-0.421,21.801,-2.800,323.186
16178,-1.435,1.540,5.189,-0.421,-0.038,0.947,-0.190,0.193,-0.421,23.931,-2.316,323.203
16296,-1.873,1.977,9.581,-0.271,0.048,0.960,-0.189,0.192,-0.425,15.730,2.852,323.158
16415,-2.144,-9.126,7.026,-0.340,-0.034,0.947,-0.190,0.194,-0.413,19.750,-2.078,323.017
16535,-0.035,-7.053,-10.071,-0.457,0.052,0.899,-0.199,0.190,-0.408,26.900,3.301,324.981
16651,16.459,-2.529,-1.811,-0.402,-0.083,0.928,-0.205,0.186,-0.410,23.326,-5.083,326.306
16773,3.176,-9.573,2.957,-0.361,-0.052,0.895,-0.202,0.193,-0.398,21.933,-3.321,324.882
16892,2.826,-9.240,-9.730,-0.355,-0.137,0.818,-0.214,0.184,-0.395,23.170,-9.532,327.920
17012,2.581,1.452,7.945,-0.384,-0.064,0.891,-0.221,0.184,-0.389,23.273,-4.098,328.817
17131,0.411,-11.051,7.280,-0.497,-0.043,0.898,-0.222,0.187,-0.377,28.906,-2.733,328.495
17248,1.067,3.894,8.592,-0.471,-0.057,0.873,-0.237,0.192,-0.373,28.323,-3.768,329.612
17370,-2.196,-7.201,10.019,-0.515,-0.088,0.865,-0.235,0.200,-0.373,30.639,-5.801,328.218
17488,-2.240,-10.693,6.807,-0.502,-0.051,0.849,-0.242,0.196,-0.367,30.536,-3.438,329.514
17605,4.795,-1.610,2.537,-0.510,-0.032,0.895,-0.246,0.199,-0.364,29.657,-2.073,329.651
17721,-2.765,-1.908,-3.351,-0.368,-0.274,0.809,-0.243,0.196,-0.353,23.311,-18.709,329.788
17840,-0.691,0.464,3.430,-0.415,-0.009,0.893,-0.246,0.190,-0.365,24.910,-0.603,330.927
17959,-1.724,6.125,-26.058,-0.551,0.045,0.867,-0.250,0.177,-0.361,32.405,2.979,333.289
18079,0.114,9.153,-13.274,-0.541,0.003,0.816,-0.247,0.163,-0.365,33.558,0.244,335.206
18197,3.159,6.965,-8.216,-0.349,-0.002,0.931,-0.243,0.151,-0.376,20.579,-0.116,336.785
18313,2.546,11.681,7.963,-0.411,0.090,0.891,-0.243,0.147,-0.372,24.637,5.788,337.481
18433,-0.192,3.535,-6.930,-0.418,0.016,0.902,-0.239,0.146,-0.376,24.855,0.992,337.126
18554,4.935,1.925,-0.822,-0.399,-0.109,0.874,-0.236,0.140,-0.378,24.387,-7.106,337.952
18673,1.225,-9.065,-7.438,-0.428,0.022,0.874,-0.239,0.126,-0.375,26.105,1.420,340.700
18790,3.264,-4.463,6.991,-0.492,0.086,0.823,-0.241,0.120,-0.372,30.714,5.954,342.042
18906,-5.530,9.616,9.441,-0.522,0.060,0.895,-0.243,0.120,-0.372,30.197,3.828,342.266
19024,-0.744,1.706,24.080,-0.557,-0.031,0.890,-0.243,0.132,-0.370,32.021,-1.990,339.976
19144,-10.150,13.108,16.529,-0.505,-0.026,0.843,-0.242,0.143,-0.376,30.921,-1.737,337.959
19261,-4.524,4.323,3.990,-0.461,0.089,0.870,-0.231,0.141,-0.388,27.811,5.847,337.260
19377,-4.279,-0.192,-3.964,-0.449,0.097,0.909,-0.231,0.133,-0.390,26.169,6.074,338.652
19495,1.216,-5.836,0.184,-0.512,0.065,0.837,-0.229,0.120,-0.391,31.369,4.435,340.849
19614,6.571,6.921,10.640,-0.393,0.015,0.958,-0.231,0.130,-0.377,22.297,0.894,339.146
19736,2.809,15.251,5.854,-0.512,0.057,0.949,-0.230,0.131,-0.391,28.289,3.408,338.959
19852,-9.012,-9.783,5.530,-0.478,0.089,0.898,-0.235,0.125,-0.391,27.928,5.680,340.557
19972,-4.532,5.635,4.707,-0.506,0.158,0.863,-0.228,0.123,-0.398,29.945,10.381,340.160
20087,6.318,3.859,-0.324,-0.371,0.085,0.940,-0.226,0.121,-0.399,21.472,5.161,340.421
20207,6.939,9.739,12.661,-0.473,0.012,0.879,-0.223,0.135,-0.400,28.278,0.779,337.500
20322,15.313,7.875,8.068,-0.416,0.042,0.938,-0.218,0.148,-0.396,23.898,2.591,334.375
20442,13.422,9.467,11.533,-0.416,0.047,0.817,-0.213,0.166,-0.405,26.946,3.286,330.687
20560,6.501,1.059,-0.875,-0.426,0.044,0.939,-0.203,0.173,-0.409,24.394,2.690,328.162
20679,12.285,0.429,-2.441,-0.390,0.015,0.885,-0.212,0.167,-0.408,23.791,0.952,330.282
20795,6.860,5.023,-12.600,-0.423,-0.073,0.867,-0.214,0.173,-0.408,25.919,-4.794,329.488
20911,7.954,-6.580,-7.682,-0.502,-0.068,0.897,-0.217,0.167,-0.404,29.163,-4.365,330.944
21033,5.338,12.740,-10.483,-0.376,-0.061,0.962,-0.213,0.164,-0.408,21.304,-3.606,330.980
21153,6.213,23.704,-2.485,-0.208,0.054,0.930,-0.193,0.147,-0.425,12.592,3.352,331.215
21273,6.423,17.885,-3.999,-0.199,-0.015,0.960,-0.184,0.151,-0.438,11.731,-0.903,329.163
21392,5.749,2.109,2.695,-0.334,-0.011,0.845,-0.177,0.151,-0.440,21.576,-0.752,328.102
21507,13.073,17.404,-2.196,-0.148,-0.142,1.033,-0.169,0.157,-0.444,8.104,-7.828,325.648
21626,-4.813,2.362,3.054,-0.370,0.005,0.984,-0.164,0.159,-0.449,20.597,0.263,324.351
21746,5.381,31.019,-5.600,-0.226,-0.090,0.892,-0.153,0.155,-0.446,14.150,-5.735,323.216
21866,3.719,6.799,-6.466,-0.003,0.039,1.033,-0.142,0.150,-0.462,0.142,2.144,321.903
21982,6.807,23.222,9.406,-0.015,-0.020,1.160,-0.144,0.148,-0.451,0.738,-0.994,322.730
22098,-2.852,6.755,-7.149,-0.144,-0.091,0.911,-0.152,0.157,-0.449,8.966,-5.736,322.672
22220,5.548,9.695,8.592,-0.069,-0.080,0.964,-0.145,0.150,-0.463,4.060,-4.766,322.654
22340,2.896,-26.757,-1.768,-0.013,-0.150,1.142,-0.151,0.148,-0.449,0.649,-7.503,324.198
22456,-16.004,19.810,0.026,-0.268,0.076,0.722,-0.163,0.145,-0.450,20.256,6.032,326.888
22575,-1.942,-15.102,7.770,-0.351,-0.081,1.072,-0.167,0.139,-0.444,18.103,-4.310,328.727
22694,3.237,10.377,2.266,-0.320,0.023,0.823,-0.173,0.136,-0.444,21.210,1.600,330.552
22816,9.118,5.267,1.418,-0.066,-0.069,1.206,-0.168,0.139,-0.445,3.136,-3.271,329.014
22936,-6.169,30.651,4.734,-0.386,-0.037,0.899,-0.170,0.136,-0.438,23.221,-2.386,329.880
23052,7.910,6.685,9.328,-0.435,-0.020,0.910,-0.164,0.139,-0.451,25.517,-1.236,328.344
23169,0.149,7.481,-1.033,-0.178,0.010,0.899,-0.152,0.141,-0.455,11.201,0.630,325.792
23287,-0.910,-5.968,2.949,-0.238,-0.017,0.982,-0.159,0.141,-0.457,13.612,-1.018,327.006
23406,1.899,7.761,2.678,0.122,-0.036,1.187,-0.157,0.136,-0.461,-5.861,-1.713,327.794
23529,0.770,17.701,7.997,-0.128,-0.038,1.071,-0.149,0.139,-0.461,6.803,-2.035,325.616
23648,3.001,0.752,7.140,-0.217,-0.010,0.904,-0.148,0.145,-0.457,13.510,-0.607,324.236
23764,3.316,-10.719,6.335,-0.182,-0.066,1.019,-0.145,0.151,-0.456,10.111,-3.714,322.306
23884,0.752,16.144,2.739,-0.386,-0.050,0.783,-0.153,0.148,-0.451,26.176,-3.679,324.406
24003,3.614,-4.471,7.061,-0.175,-0.055,1.103,-0.142,0.148,-0.456,8.995,-2.849,322.252
24123,2.109,-20.108,-4.148,-0.262,-0.061,0.989,-0.149,0.154,-0.463,14.838,-3.503,322.628
24239,2.704,37.686,3.832,-0.005,-0.051,1.078,-0.145,0.151,-0.460,0.291,-2.695,322.468
24357,-7.061,30.879,8.304,0.143,0.022,1.238,-0.140,0.146,-0.461,-6.578,1.039,322.319
24477,3.141,-2.013,5.407,-0.133,-0.078,1.032,-0.134,0.144,-0.463,7.298,-4.326,321.474
24593,-3.089,3.701,-1.558,-0.454,-0.007,0.757,-0.146,0.138,-0.453,30.933,-0.559,325.131
24716,0.884,8.846,5.101,0.050,-0.024,1.077,-0.126,0.140,-0.456,-2.682,-1.253,320.444
24833,9.380,-26.495,4.104,-0.380,-0.111,1.037,-0.148,0.147,-0.447,19.995,-6.122,323.716
24952,0.613,23.362,12.241,-0.085,-0.088,0.794,-0.138,0.156,-0.449,6.099,-6.359,320.140
25070,2.765,-1.873,12.224,-0.106,-0.003,1.136,-0.126,0.156,-0.463,5.326,-0.148,317.402
25187,7.438,-9.739,6.213,-0.345,-0.047,0.857,-0.144,0.165,-0.452,21.896,-3.109,319.677
25307,1.321,9.581,-1.864,-0.118,-0.038,0.910,-0.142,0.165,-0.457,7.366,-2.418,319.289
25425,7.061,-13.186,-6.239,-0.128,-0.069,1.058,-0.146,0.160,-0.463,6.889,-3.746,320.831
25544,3.089,9.266,-1.260,-0.220,-0.085,0.964,-0.152,0.160,-0.457,12.835,-5.024,322.165
25661,-1.575,1.645,-5.416,-0.284,-0.055,0.930,-0.150,0.154,-0.458,16.929,-3.393,322.894
25778,1.190,-0.262,0.814,-0.379,-0.008,0.893,-0.147,0.147,-0.460,23.021,-0.486,323.580
25901,4.445,8.671,0.516,-0.122,-0.100,0.957,-0.139,0.154,-0.464,7.211,-5.974,320.763
26019,-3.456,-8.908,1.531,-0.185,-0.013,1.059,-0.138,0.143,-0.453,9.894,-0.680,322.467
26138,1.321,16.599,9.756,-0.162,-0.133,0.832,-0.142,0.150,-0.459,10.902,-9.065,321.964
26254,-1.899,-8.995,11.839,-0.338,0.012,1.132,-0.138,0.143,-0.457,16.605,0.621,322.467
26374,3.763,18.279,-2.459,-0.365,-0.029,0.808,-0.147,0.153,-0.454,24.261,-2.040,322.460
26492,1.811,-14.411,-0.639,-0.554,0.008,1.130,-0.152,0.147,-0.445,26.108,0.414,324.466
26616,6.099,7.455,-2.616,-0.610,-0.068,0.674,-0.155,0.156,-0.448,41.984,-5.756,323.503
26735,0.665,8.488,-0.928,-0.515,-0.016,0.899,-0.150,0.157,-0.449,29.810,-1.050,322.377
26851,2.310,-22.400,0.394,-0.644,-0.063,1.002,-0.151,0.154,-0.447,32.705,-3.596,322.896
26971,0.954,1.811,3.727,-0.743,-0.041,0.873,-0.165,0.155,-0.446,40.382,-2.721,325.534
27090,2.249,5.688,7.753,-0.493,-0.067,0.774,-0.155,0.154,-0.440,32.373,-4.953,323.813
27236,-0.788,-7.604,-0.096,-0.480,-0.003,0.961,-0.158,0.151,-0.451,26.555,-0.167,324.775
27353,4.331,10.544,3.045,-0.439,-0.076,0.954,-0.162,0.156,-0.441,24.648,-4.551,324.590
27472,0.779,5.836,6.116,-0.472,-0.062,0.910,-0.163,0.158,-0.441,27.363,-3.904,324.354
27591,-1.365,0.718,2.459,-0.377,-0.008,0.925,-0.157,0.152,-0.443,22.168,-0.468,324.538
27707,1.190,6.764,3.071,-0.357,-0.082,0.908,-0.155,0.155,-0.442,21.393,-5.184,323.632
27827,3.465,2.704,1.601,-0.359,-0.006,0.951,-0.158,0.154,-0.450,20.709,-0.357,324.327
27945,1.619,9.826,-0.613,-0.283,-0.086,0.967,-0.148,0.155,-0.450,16.243,-5.105,322.286
28065,1.225,9.398,5.093,-0.002,-0.014,1.061,-0.136,0.153,-0.453,0.082,-0.757,320.087
28185,-0.315,-1.680,0.788,-0.215,-0.081,0.946,-0.143,0.151,-0.456,12.774,-4.883,321.915
28300,-6.064,-14.394,-1.146,-0.146,0.007,0.980,-0.145,0.145,-0.453,8.475,0.414,323.663
28420,2.783,8.619,-1.671,-0.174,-0.020,0.992,-0.155,0.135,-0.449,9.941,-1.166,327.493
28536,1.076,6.720,-3.229,-0.065,-0.104,0.962,-0.149,0.143,-0.452,3.853,-6.172,324.791
28656,3.841,6.869,1.190,-0.098,-0.105,0.945,-0.155,0.139,-0.451,5.878,-6.349,326.607
28775,0.350,5.084,3.929,-0.041,-0.052,1.010,-0.150,0.136,-0.461,2.349,-2.943,326.416
28892,3.544,5.154,7.262,-0.036,-0.076,1.046,-0.146,0.134,-0.462,1.970,-4.141,326.157
29014,-6.790,8.864,10.526,-0.044,-0.094,1.025,-0.143,0.141,-0.455,2.446,-5.215,323.891
29133,-7.053,1.960,11.559,-0.359,-0.058,0.943,-0.146,0.135,-0.456,20.798,-3.499,325.946
29252,2.135,9.599,13.291,-0.200,-0.040,0.953,-0.139,0.135,-0.460,11.815,-2.382,324.311
29368,0.087,0.438,18.244,-0.110,-0.052,1.028,-0.129,0.146,-0.467,6.121,-2.899,320.145
29487,1.654,9.293,16.905,-0.116,-0.051,0.941,-0.124,0.156,-0.472,7.023,-3.102,317.146
29606,4.471,-9.931,16.249,-0.017,-0.016,0.907,-0.116,0.163,-0.469,1.094,-1.002,313.936
29728,3.596,4.506,15.199,-0.001,0.043,1.100,-0.123,0.168,-0.464,0.054,2.239,314.755
29847,1.899,-1.776,-2.616,-0.175,0.015,1.034,-0.124,0.168,-0.462,9.585,0.828,314.989
29964,6.685,3.378,-5.014,-0.230,-0.040,0.831,-0.122,0.174,-0.463,15.459,-2.730,313.612
30083,10.745,26.495,-12.880,0.011,-0.081,0.995,-0.117,0.171,-0.464,-0.609,-4.657,312.937
30202,0.586,-13.904,-14.464,-0.019,-0.078,0.938,-0.115,0.162,-0.471,1.129,-4.751,313.916
30324,0.831,-17.421,-9.161,-0.238,-0.110,0.855,-0.135,0.155,-0.458,15.443,-7.309,319.715
30443,-5.241,9.599,-6.431,-0.117,-0.069,1.002,-0.137,0.144,-0.462,6.651,-3.944,322.269
30560,-0.403,-14.000,9.835,-0.116,-0.146,1.095,-0.141,0.141,-0.463,5.988,-7.573,323.608
30680,-4.410,1.024,7.543,-0.400,-0.157,0.825,-0.151,0.137,-0.446,25.447,-10.764,326.248
30798,-3.465,14.630,22.391,-0.008,-0.057,1.152,-0.134,0.137,-0.458,0.400,-2.830,322.931
30918,0.105,-10.517,8.916,-0.282,-0.109,0.809,-0.132,0.141,-0.463,19.054,-7.648,321.638
31037,2.861,6.965,13.948,-0.055,0.080,0.982,-0.130,0.148,-0.466,3.178,4.669,319.984
31156,5.863,11.882,8.890,-0.224,-0.025,0.944,-0.126,0.162,-0.462,13.354,-1.506,316.417
31272,8.260,14.639,-3.859,0.066,-0.004,1.206,-0.120,0.163,-0.475,-3.120,-0.203,315.015
31392,8.916,-0.420,2.328,-0.153,-0.038,0.769,-0.124,0.170,-0.467,11.207,-2.814,314.619
31515,10.780,14.884,-8.881,-0.038,-0.057,1.034,-0.125,0.163,-0.471,2.092,-3.161,316.113
31631,5.784,-3.124,-9.056,-0.024,-0.175,1.101,-0.125,0.179,-0.471,1.220,-9.032,313.551
31747,-8.278,8.531,-6.116,-0.110,-0.151,0.808,-0.127,0.170,-0.465,7.595,-10.617,315.185
31865,-9.765,8.199,3.824,-0.084,-0.120,1.129,-0.133,0.157,-0.466,4.228,-6.054,318.835
31984,-4.699,-8.496,9.450,-0.377,-0.044,0.761,-0.136,0.150,-0.468,26.350,-3.300,320.800
32107,-7.341,11.209,18.532,0.148,0.148,1.147,-0.127,0.146,-0.477,-7.298,7.358,319.415
32226,5.644,-2.616,8.601,-0.234,-0.059,0.944,-0.122,0.156,-0.461,13.884,-3.588,316.580
32343,-0.630,7.280,4.637,0.021,0.029,1.052,-0.116,0.163,-0.471,-1.142,1.554,314.020
32462,7.928,-26.233,-4.821,-0.229,-0.020,0.840,-0.125,0.161,-0.468,15.233,-1.398,316.276
32581,12.556,13.807,-10.281,-0.233,-0.232,1.040,-0.123,0.165,-0.465,12.313,-12.590,315.427
32703,-5.128,-26.513,1.663,-0.126,-0.101,1.049,-0.118,0.159,-0.473,6.835,-5.520,315.207
32819,-18.629,31.526,-9.047,-0.208,-0.081,0.745,-0.135,0.151,-0.460,15.472,-6.239,320.441
32939,-8.225,12.110,19.819,0.255,0.083,1.080,-0.116,0.141,-0.479,-13.257,4.376,318.060
33057,8.864,-7.814,8.015,-0.220,0.071,0.812,-0.117,0.142,-0.482,15.099,5.031,318.140
33176,4.751,4.532,2.783,-0.151,0.102,1.241,-0.115,0.150,-0.476,6.926,4.689,316.071
33293,18.445,-12.565,2.485,0.083,-0.116,0.870,-0.110,0.166,-0.471,-5.397,-7.596,312.102
33413,-0.849,-4.707,0.499,0.034,-0.190,1.053,-0.118,0.163,-0.466,-1.802,-10.200,314.566
33531,-3.850,3.745,-2.564,-0.217,-0.216,1.049,-0.132,0.160,-0.460,11.475,-11.616,318.128
33650,-6.554,-3.036,3.561,-0.123,0.129,0.808,-0.125,0.150,-0.460,8.581,9.055,318.354
33767,0.131,23.896,6.116,-0.009,0.008,0.851,-0.120,0.151,-0.466,0.587,0.563,317.045
33883,9.126,-1.164,12.373,-0.031,-0.066,1.180,-0.120,0.154,-0.463,1.526,-3.208,316.426
34006,-9.188,15.313,5.084,0.133,-0.050,1.077,-0.126,0.152,-0.466,-7.036,-2.676,318.146
34125,7.665,-4.751,6.851,-0.304,-0.151,0.851,-0.136,0.153,-0.458,19.359,-10.081,320.223
34244,-1.566,-3.517,1.619,-0.121,-0.011,1.045,-0.128,0.154,-0.462,6.581,-0.615,318.191
34359,16.529,-27.580,-6.641,-1.102,-0.024,0.420,-0.147,0.156,-0.452,69.117,-3.219,321.862
34479,15.374,-4.043,6.764,-0.122,-0.008,1.226,-0.136,0.159,-0.453,5.705,-0.396,319.048
34600,-3.614,-23.958,-5.661,-0.781,-0.028,0.799,-0.155,0.164,-0.440,44.335,-1.994,321.899
34720,4.209,21.534,1.794,-0.451,-0.175,0.720,-0.155,0.161,-0.441,31.348,-13.698,322.487
34839,1.654,24.097,6.492,-0.751,-0.061,0.695,-0.150,0.160,-0.450,47.094,-5.009,321.767
34955,-9.922,6.274,10.552,-0.685,0.063,0.937,-0.156,0.154,-0.450,36.098,3.825,323.865
35075,2.231,5.075,5.294,-0.498,-0.056,0.784,-0.148,0.155,-0.443,32.358,-4.104,322.286
35197,4.077,-12.250,-3.535,-0.567,-0.034,1.001,-0.139,0.151,-0.452,29.512,-1.929,321.122
35316,0.376,21.385,-0.901,-0.528,-0.030,0.866,-0.144,0.148,-0.456,31.325,-2.008,322.783
35433,-3.798,1.768,3.973,-0.475,0.013,0.804,-0.132,0.146,-0.464,30.579,0.948,320.637
35549,3.150,-23.993,7.490,-0.605,-0.051,1.012,-0.138,0.146,-0.458,30.840,-2.881,322.111
35665,1.347,19.871,11.086,-0.494,-0.104,0.776,-0.135,0.149,-0.459,32.258,-7.610,320.725
35788,3.141,-9.958,10.115,-0.410,-0.020,0.986,-0.131,0.148,-0.460,22.597,-1.159,319.991
35907,5.084,5.276,7.674,-0.618,-0.008,0.923,-0.140,0.155,-0.455,33.794,-0.511,320.693
36023,5.521,3.500,4.497,-0.427,-0.010,0.914,-0.130,0.163,-0.454,25.035,-0.643,317.174
36142,16.100,-8.216,2.572,-0.495,-0.105,0.928,-0.141,0.166,-0.450,27.910,-6.467,318.966
36260,-6.142,-4.926,10.168,-0.327,-0.076,0.929,-0.135,0.171,-0.454,19.320,-4.690,316.929
36382,6.816,-8.278,-1.540,-0.383,-0.031,0.991,-0.149,0.174,-0.451,21.136,-1.794,319.063
36502,6.029,7.201,-9.336,-0.343,-0.081,0.898,-0.152,0.165,-0.442,20.844,-5.179,321.229
36619,3.710,1.759,-1.400,-0.276,-0.142,0.967,-0.145,0.164,-0.449,15.784,-8.343,320.062
36738,2.371,9.231,4.996,-0.335,-0.107,0.924,-0.145,0.166,-0.449,19.823,-6.605,319.588
36857,-3.763,10.124,0.954,-0.138,-0.086,0.969,-0.130,0.162,-0.459,8.062,-5.072,317.348
36977,-0.123,5.224,8.085,-0.166,-0.093,0.986,-0.125,0.164,-0.455,9.524,-5.363,315.994
37096,-4.130,5.819,8.199,-0.164,-0.058,0.989,-0.130,0.164,-0.459,9.383,-3.375,317.049
37215,3.535,8.549,13.676,-0.166,-0.068,0.974,-0.128,0.169,-0.470,9.627,-3.998,315.761
37331,-2.546,-2.319,13.974,-0.230,-0.036,0.988,-0.121,0.174,-0.465,13.114,-2.058,313.342
37451,-0.061,7.577,8.024,-0.140,-0.027,0.975,-0.121,0.177,-0.465,8.148,-1.599,312.975
37570,0.560,-2.861,-6.037,-0.172,-0.069,0.924,-0.122,0.170,-0.467,10.488,-4.242,314.144
37690,0.516,-0.709,-6.090,-0.137,-0.027,0.996,-0.122,0.167,-0.463,7.821,-1.561,314.767
37809,4.016,-3.308,-2.196,-0.054,-0.033,0.988,-0.127,0.160,-0.456,3.105,-1.917,317.044
37927,-0.026,8.006,-9.651,0.129,-0.064,0.995,-0.131,0.161,-0.458,-7.390,-3.657,317.717
38047,7.219,-23.319,2.223,-0.109,-0.066,1.063,-0.144,0.157,-0.448,5.819,-3.528,320.945
38166,0.298,4.532,-3.570,-0.104,-0.070,1.040,-0.155,0.159,-0.446,5.697,-3.857,322.865
38285,-1.251,14.927,8.514,-0.137,-0.107,0.963,-0.150,0.158,-0.442,8.051,-6.325,321.966
38402,-5.031,2.494,9.975,-0.177,-0.161,0.984,-0.137,0.157,-0.455,10.071,-9.267,319.646
38520,-3.824,-6.466,0.044,-0.179,-0.190,1.128,-0.136,0.151,-0.448,8.899,-9.566,320.476
38639,2.529,-4.874,7.481,-0.092,-0.082,0.991,-0.142,0.143,-0.446,5.267,-4.704,323.411
38756,3.308,0.516,3.736,-0.245,-0.015,0.791,-0.144,0.148,-0.443,17.204,-1.056,322.948
38875,-3.684,14.543,19.355,-0.100,0.040,0.856,-0.144,0.161,-0.444,6.649,2.692,320.454
38994,2.572,10.509,15.610,-0.080,0.073,0.870,-0.134,0.170,-0.444,5.228,4.820,316.852
39110,3.517,10.342,-6.563,0.000,0.011,1.098,-0.128,0.172,-0.453,-0.022,0.557,315.263
39227,9.748,2.546,-12.355,-0.056,-0.060,1.195,-0.130,0.176,-0.446,2.674,-2.879,315.090
39343,-1.400,-4.804,-12.880,-0.375,-0.065,0.841,-0.137,0.168,-0.442,23.965,-4.409,317.742
39465,5.653,-3.412,-2.205,-0.091,-0.192,0.816,-0.144,0.158,-0.450,6.183,-13.262,320.919
39585,-11.340,16.371,5.635,-0.119,0.046,0.890,-0.139,0.146,-0.450,7.614,2.941,322.231
39703,-0.219,-5.793,11.007,-0.203,-0.088,1.041,-0.135,0.143,-0.453,10.984,-4.856,321.846
39819,-7.009,20.878,12.635,-0.020,-0.077,1.080,-0.125,0.147,-0.457,1.056,-4.084,318.848
39938,5.670,6.816,17.719,-0.023,-0.186,1.145,-0.121,0.148,-0.469,1.136,-9.240,317.831
40070,4.148,2.695,16.511,-0.092,-0.159,1.008,-0.118,0.165,-0.469,5.127,-8.962,314.108
40190,8.759,8.015,12.057,-0.319,0.036,0.834,-0.120,0.168,-0.476,20.896,2.492,314.244
40312,20.563,-23.240,-5.827,-0.414,-0.171,0.905,-0.117,0.172,-0.467,24.222,-10.692,312.805
40433,-6.169,22.479,3.517,-0.116,-0.084,0.620,-0.116,0.185,-0.460,10.510,-7.750,310.725
40569,14.569,-30.546,-6.326,-0.226,-0.073,0.905,-0.111,0.187,-0.470,13.978,-4.592,309.354
40699,-9.170,16.651,-6.755,0.033,-0.028,1.161,-0.123,0.169,-0.461,-1.648,-1.360,314.542
40819,-14.376,1.977,-1.234,-0.122,-0.052,0.886,-0.130,0.170,-0.461,7.854,-3.359,315.863
40940,0.534,17.124,13.991,0.003,0.043,0.990,-0.124,0.164,-0.468,-0.201,2.487,315.598
41059,2.809,14.175,5.521,-0.171,0.082,1.112,-0.109,0.172,-0.472,8.698,4.205,310.879
41181,9.852,2.441,0.385,-0.154,-0.015,0.902,-0.109,0.174,-0.473,9.716,-0.949,310.797
41303,6.519,4.935,-2.013,-0.001,-0.117,1.106,-0.115,0.175,-0.468,0.035,-6.043,311.739
41428,-1.015,-2.555,-0.630,-0.104,-0.242,1.093,-0.120,0.175,-0.463,5.288,-12.498,312.962
41547,-12.023,-2.161,11.882,-0.135,-0.053,0.891,-0.116,0.165,-0.467,8.591,-3.412,313.826
41668,9.266,2.686,-10.386,-0.285,-0.148,0.992,-0.120,0.158,-0.466,15.867,-8.509,315.805
41787,2.091,8.951,0.333,-0.281,0.045,1.009,-0.128,0.157,-0.463,15.547,2.576,317.878
41905,1.908,5.049,2.301,-0.123,-0.096,1.172,-0.131,0.155,-0.469,5.969,-4.702,318.795
42030,8.557,-0.079,3.631,-0.273,-0.079,0.901,-0.123,0.159,-0.463,16.783,-5.039,316.455
42150,2.476,5.477,0.018,-0.105,-0.099,0.935,-0.124,0.160,-0.463,6.367,-6.059,316.313
42272,6.764,-16.817,2.266,-0.365,-0.062,0.911,-0.118,0.157,-0.463,21.792,-3.884,315.597
42394,2.100,11.078,8.102,-0.022,-0.068,1.077,-0.120,0.165,-0.469,1.179,-3.588,314.570
42513,0.315,-9.275,-2.634,-0.342,-0.067,0.948,-0.129,0.158,-0.456,19.779,-4.032,317.681
42635,7.866,0.718,11.043,-0.225,-0.089,0.863,-0.133,0.161,-0.455,14.514,-5.859,318.184
42753,-5.661,-4.742,-5.224,-0.299,-0.093,0.835,-0.133,0.166,-0.452,19.589,-6.376,317.263
42874,4.358,1.584,3.246,-0.240,-0.038,0.986,-0.137,0.154,-0.453,13.681,-2.182,320.246
42993,2.144,0.280,4.900,-0.359,-0.061,0.912,-0.138,0.163,-0.447,21.441,-3.811,318.957
43111,1.225,4.375,1.234,-0.368,-0.130,0.889,-0.144,0.160,-0.450,22.254,-8.343,320.628
43237,8.041,-10.859,10.238,-0.721,-0.024,0.907,-0.142,0.159,-0.448,38.470,-1.503,320.326
43358,19.031,-28.175,2.467,-1.424,-0.135,0.959,-0.151,0.159,-0.439,55.785,-8.037,322.054
43480,2.223,-7.613,11.996,-0.823,-0.049,0.650,-0.153,0.168,-0.444,51.617,-4.314,320.934
43600,13.212,6.396,-8.601,-0.346,-0.189,0.850,-0.144,0.171,-0.448,21.652,-12.565,318.711
43722,2.249,-17.570,-6.247,-0.596,-0.087,1.013,-0.153,0.170,-0.445,30.362,-4.933,320.627
43847,-2.888,-8.977,7.936,-0.821,-0.036,0.828,-0.167,0.165,-0.432,44.761,-2.511,323.870
43965,-2.065,22.391,10.526,-0.366,-0.035,0.824,-0.159,0.171,-0.438,23.957,-2.400,321.610
44083,6.650,2.441,-5.014,-0.583,-0.079,0.939,-0.148,0.169,-0.447,31.772,-4.829,319.773
44201,-4.524,2.529,-4.926,-0.555,-0.017,0.981,-0.149,0.157,-0.459,29.487,-1.012,321.982
44323,-0.499,9.170,0.831,-0.554,-0.073,0.873,-0.147,0.156,-0.453,32.313,-4.787,321.836
44446,1.575,3.439,0.569,-0.562,-0.106,0.880,-0.146,0.155,-0.457,32.389,-6.853,321.957
44564,1.199,17.141,10.001,-0.519,-0.008,0.940,-0.140,0.154,-0.453,28.889,-0.517,320.859
44682,-3.911,13.659,12.618,-0.394,0.022,0.944,-0.133,0.152,-0.448,22.646,1.348,319.867
44801,3.841,8.050,8.330,-0.384,-0.118,0.889,-0.128,0.163,-0.454,23.147,-7.569,316.672
44918,-0.262,5.950,11.340,-0.437,-0.072,0.956,-0.121,0.165,-0.467,24.509,-4.301,314.861
45040,-3.089,1.505,9.573,-0.383,0.011,0.964,-0.119,0.171,-0.467,21.680,0.660,313.487
45165,0.499,3.526,-0.752,-0.326,-0.071,0.944,-0.112,0.172,-0.468,18.977,-4.272,311.599
45284,6.851,-2.170,0.866,-0.239,-0.029,0.988,-0.113,0.174,-0.470,13.616,-1.666,311.539
45406,5.801,-10.587,-3.999,0.005,-0.068,1.050,-0.117,0.174,-0.461,-0.279,-3.682,312.503
45528,2.940,-15.811,-15.916,0.035,-0.068,1.063,-0.138,0.169,-0.457,-1.893,-3.638,317.786
45648,-0.858,-30.415,-2.152,-0.077,-0.077,1.035,-0.165,0.163,-0.440,4.233,-4.265,323.971
45770,14.324,-18.961,-19.906,-0.277,-0.173,0.875,-0.187,0.154,-0.431,17.244,-11.157,329.169
45892,-2.800,-12.215,-0.656,-0.459,0.041,0.866,-0.200,0.146,-0.412,27.902,2.698,332.545
46011,3.447,1.304,-7.674,-0.234,-0.040,0.919,-0.210,0.142,-0.405,14.277,-2.519,334.591
46130,-2.284,22.724,-5.171,-0.209,-0.169,0.937,-0.198,0.126,-0.418,12.357,-10.225,336.140
46252,-10.710,12.828,11.226,-0.164,-0.113,0.964,-0.190,0.126,-0.429,9.595,-6.686,335.056
46375,-16.004,13.274,22.076,-0.353,-0.140,0.998,-0.172,0.130,-0.435,19.281,-8.003,331.546
46497,-11.340,5.110,27.003,-0.159,-0.037,1.201,-0.167,0.133,-0.444,7.522,-1.748,329.944
46618,-7.088,23.905,37.389,-0.051,0.094,1.031,-0.153,0.135,-0.453,2.844,5.203,327.217
46737,3.754,-13.431,1.514,-0.202,0.030,0.758,-0.139,0.148,-0.455,14.911,2.241,321.707
46858,9.406,1.225,24.500,-0.158,0.002,0.831,-0.138,0.157,-0.447,10.795,0.164,319.831
46980,2.861,-6.361,13.204,-0.284,-0.034,0.867,-0.145,0.173,-0.442,18.137,-2.252,318.627
47100,7.682,16.004,-1.899,0.219,0.170,1.193,-0.130,0.165,-0.453,-10.313,8.092,316.726
47219,-0.989,9.126,2.931,-0.249,-0.011,1.113,-0.138,0.178,-0.447,12.626,-0.552,316.446
47338,6.633,3.115,4.524,-0.284,-0.102,0.903,-0.137,0.174,-0.437,17.322,-6.465,316.843
47456,2.170,-0.630,2.651,0.102,-0.200,0.990,-0.136,0.179,-0.437,-5.739,-11.438,315.822
47582,-8.549,38.903,0.551,-0.001,-0.138,0.880,-0.150,0.163,-0.444,0.090,-8.886,321.193
47704,-9.721,-7.665,12.460,-0.174,-0.165,1.131,-0.132,0.155,-0.449,8.640,-8.310,318.960
47822,-2.415,-19.994,26.749,-0.166,0.020,1.273,-0.126,0.155,-0.451,7.441,0.892,317.736
47944,0.306,4.944,14.061,-0.254,-0.047,0.715,-0.136,0.165,-0.440,19.522,-3.784,317.967
48063,9.887,-7.656,2.581,-0.223,-0.105,0.765,-0.131,0.164,-0.440,16.115,-7.791,317.121
48185,10.089,18.813,6.247,-0.414,0.013,0.879,-0.129,0.173,-0.446,25.186,0.878,315.405
48307,10.159,4.471,3.211,-0.108,-0.092,1.050,-0.119,0.180,-0.455,5.856,-5.020,312.002
48429,10.710,12.618,11.524,-0.190,-0.137,0.860,-0.122,0.189,-0.449,12.324,-9.075,311.528
48550,7.367,15.680,15.033,-0.239,-0.162,1.012,-0.114,0.198,-0.455,13.141,-9.110,308.416
48672,-9.599,1.908,-5.233,-0.070,-0.128,1.018,-0.101,0.201,-0.465,3.894,-7.175,305.289
48793,3.395,12.171,-3.019,0.018,-0.078,1.029,-0.102,0.194,-0.468,-0.982,-4.354,306.305
48915,-2.328,4.681,10.342,0.038,0.006,0.977,-0.097,0.191,-0.472,-2.205,0.375,305.564
49036,5.539,3.911,5.425,-0.126,-0.004,1.004,-0.095,0.187,-0.473,7.177,-0.247,305.521
49158,9.467,-5.600,-0.472,-0.286,0.074,1.034,-0.101,0.190,-0.473,15.419,4.118,306.549
49280,10.001,1.365,-12.871,-0.049,-0.150,0.923,-0.106,0.190,-0.466,2.980,-9.249,307.685
49401,3.771,0.989,-7.928,-0.193,-0.190,0.936,-0.104,0.190,-0.468,11.416,-11.456,307.250
49527,-2.039,-3.124,-7.289,-0.263,-0.150,0.904,-0.109,0.184,-0.475,16.002,-9.425,309.319
49649,-4.121,-3.447,0.998,-0.147,-0.037,0.962,-0.102,0.175,-0.462,8.686,-2.201,308.703
49768,-4.550,0.928,16.249,-0.230,0.134,0.815,-0.104,0.167,-0.477,15.552,9.309,310.490
49886,19.548,2.844,-1.155,-0.453,0.060,0.996,-0.105,0.169,-0.474,24.419,3.433,310.410
50008,14.376,-2.021,-5.968,0.012,0.034,1.013,-0.099,0.176,-0.474,-0.652,1.900,307.946
50132,6.142,26.801,-7.061,-0.059,-0.165,1.132,-0.110,0.178,-0.465,2.953,-8.281,310.253
50254,-11.410,22.461,9.476,-0.039,-0.092,1.093,-0.102,0.180,-0.468,2.055,-4.793,307.988
50376,-16.135,-4.760,9.205,-0.266,-0.061,0.919,-0.105,0.176,-0.472,16.094,-3.809,309.356
50495,-5.994,-16.345,-5.136,-0.124,0.073,0.738,-0.107,0.158,-0.476,9.506,5.612,312.702
50613,3.666,-7.936,8.400,-0.052,0.071,1.031,-0.100,0.156,-0.473,2.889,3.936,311.250
50738,10.710,4.375,2.284,-0.133,0.066,1.360,-0.108,0.158,-0.474,5.572,2.764,313.013
50860,8.977,5.775,-3.027,-0.385,0.068,0.929,-0.114,0.172,-0.473,22.449,4.189,312.184
50981,12.784,-19.031,-0.674,-0.251,-0.033,0.726,-0.120,0.171,-0.468,19.037,-2.642,313.578
51103,-6.974,3.973,-0.018,0.081,0.115,1.007,-0.136,0.175,-0.456,-4.582,6.496,316.455
51224,9.293,-14.455,-0.201,-0.450,0.018,0.865,-0.145,0.172,-0.451,27.503,1.168,318.768
51346,14.604,-11.086,7.026,-0.317,-0.035,0.797,-0.146,0.183,-0.449,21.637,-2.519,317.218
51464,14.901,-14.814,9.030,-0.491,-0.084,0.816,-0.154,0.199,-0.440,30.909,-5.898,316.354
51586,11.113,-8.802,-2.555,-0.528,-0.044,0.864,-0.160,0.210,-0.431,31.372,-2.925,316.015
51706,7.403,14.534,3.246,-0.450,-0.104,0.770,-0.161,0.215,-0.430,30.089,-7.661,315.277
51828,2.126,-2.756,-8.523,-0.591,0.021,0.870,-0.157,0.215,-0.433,34.150,1.401,314.661
51954,2.380,5.504,3.736,-0.580,-0.043,0.945,-0.148,0.217,-0.445,31.535,-2.603,312.931
52072,0.333,7.289,-12.049,-0.724,-0.051,0.709,-0.139,0.213,-0.445,45.516,-4.108,311.780
52190,-0.700,13.493,0.630,-0.311,-0.076,0.959,-0.141,0.203,-0.449,17.920,-4.515,313.495
52312,9.573,-11.602,13.869,-0.766,0.046,0.912,-0.144,0.198,-0.453,40.020,2.869,314.663
52432,-17.903,23.905,0.866,-0.080,0.002,0.860,-0.133,0.207,-0.450,5.319,0.126,311.286
52551,6.571,-8.094,6.221,-0.665,-0.030,1.009,-0.149,0.195,-0.451,33.386,-1.704,315.842
52676,4.734,4.130,-10.903,-0.499,-0.030,0.832,-0.152,0.199,-0.443,30.960,-2.058,315.937
52795,4.576,13.729,-13.221,-0.372,-0.089,0.988,-0.153,0.191,-0.444,20.567,-5.156,317.214
52913,5.749,16.870,-7.621,-0.421,-0.010,0.973,-0.153,0.192,-0.442,23.420,-0.589,317.107
53035,2.196,16.642,-6.528,-0.314,-0.039,0.997,-0.146,0.193,-0.446,17.482,-2.238,315.675
53156,0.376,11.498,-11.235,-0.201,0.025,0.974,-0.141,0.188,-0.450,11.634,1.442,315.518
53279,1.418,2.293,-7.262,-0.114,-0.121,0.988,-0.140,0.186,-0.445,6.521,-6.978,315.705
53400,-1.059,-1.426,-1.776,-0.113,-0.059,0.967,-0.150,0.178,-0.444,6.660,-3.464,318.650
53517,-4.218,-5.819,2.713,-0.226,-0.037,0.953,-0.164,0.185,-0.430,13.340,-2.203,320.249
53636,-1.129,-9.371,1.120,-0.161,0.028,1.019,-0.168,0.185,-0.421,8.967,1.581,320.858
53756,4.629,-18.384,-5.451,-0.171,-0.041,0.989,-0.175,0.195,-0.410,9.790,-2.396,320.490
53882,-7.551,-12.302,-7.665,-0.244,-0.074,0.810,-0.184,0.192,-0.394,16.695,-5.250,322.449
54019,5.434,4.900,-0.262,-0.434,-0.107,0.813,-0.182,0.192,-0.385,27.882,-7.514,322.038
54139,-9.511,14.403,4.874,-0.134,-0.093,0.947,-0.157,0.179,-0.390,7.995,-5.587,319.953
54261,0.228,6.843,20.729,-0.080,-0.266,1.063,-0.144,0.175,-0.403,4.172,-14.077,318.014
54392,1.715,-4.786,34.484,-0.041,-0.025,1.277,-0.132,0.171,-0.406,1.838,-1.113,316.325
54517,4.016,-13.090,20.038,-0.111,-0.045,0.854,-0.130,0.185,-0.400,7.404,-3.039,313.607
54639,3.229,-1.347,-3.780,-0.215,0.019,0.775,-0.132,0.187,-0.402,15.479,1.398,313.922
54758,9.818,16.266,3.553,-0.254,0.130,0.866,-0.135,0.182,-0.417,16.186,8.569,315.053
54879,8.969,1.321,-29.654,-0.133,0.044,1.140,-0.130,0.168,-0.422,6.646,2.210,316.319
55001,14.385,-9.922,-32.463,-0.001,-0.055,1.078,-0.131,0.136,-0.414,0.029,-2.942,322.587
55126,12.696,-5.075,-13.869,0.022,-0.190,0.817,-0.152,0.120,-0.412,-1.491,-13.091,330.250
55246,-7.753,-11.165,20.737,-0.321,-0.056,0.969,-0.169,0.118,-0.408,18.317,-3.283,333.703
55365,-14.044,10.780,11.594,0.007,-0.130,1.201,-0.172,0.120,-0.415,-0.350,-6.185,333.764
55484,-15.750,19.600,15.864,-0.150,-0.064,1.124,-0.171,0.122,-0.424,7.578,-3.250,333.149
55606,-0.936,14.613,-3.544,-0.020,0.129,0.843,-0.165,0.117,-0.433,1.339,8.669,333.240
55731,7.718,16.284,-16.993,-0.168,0.017,1.009,-0.165,0.105,-0.447,9.444,0.973,335.983
55849,3.964,8.286,-11.786,-0.258,0.024,0.957,-0.156,0.098,-0.452,15.104,1.409,336.256
55967,0.140,23.380,14.017,-0.112,0.115,0.923,-0.148,0.096,-0.461,6.881,7.113,335.470
56088,13.921,11.366,22.636,-0.119,-0.012,1.089,-0.137,0.120,-0.458,6.249,-0.619,327.539
56207,1.085,17.202,19.600,-0.003,-0.028,1.042,-0.119,0.136,-0.471,0.151,-1.533,319.749
56328,6.668,9.870,0.420,-0.032,0.069,0.976,-0.114,0.142,-0.476,1.853,4.053,317.432
56448,4.314,10.377,1.155,0.170,0.125,1.138,-0.098,0.139,-0.479,-8.437,6.286,313.854
56569,-0.647,-9.161,5.460,-0.198,-0.006,1.073,-0.106,0.149,-0.474,10.471,-0.345,314.061
56691,9.852,7.718,-0.079,-0.105,-0.143,0.919,-0.113,0.151,-0.466,6.438,-8.838,315.467
56812,2.957,0.700,6.344,-0.008,-0.111,1.076,-0.111,0.159,-0.468,0.401,-5.873,313.443
56931,-2.739,2.739,1.584,-0.099,-0.078,1.024,-0.118,0.159,-0.467,5.495,-4.338,315.117
57055,1.575,-10.474,7.490,-0.087,0.074,1.023,-0.119,0.166,-0.465,4.845,4.114,314.113
57177,-1.619,2.459,-2.398,-0.067,0.019,0.967,-0.112,0.178,-0.466,3.970,1.139,310.642
57297,-2.257,13.466,-6.230,-0.003,0.029,1.149,-0.107,0.168,-0.466,0.161,1.435,311.122
57419,-5.154,-2.783,-3.115,-0.251,-0.103,0.856,-0.108,0.160,-0.462,16.263,-6.875,312.547
57541,-4.786,-5.023,3.789,-0.203,-0.025,0.991,-0.112,0.151,-0.463,11.561,-1.420,315.203
57665,5.434,-6.545,4.813,-0.204,-0.019,0.960,-0.110,0.150,-0.466,12.010,-1.139,314.769
57784,-0.709,2.441,15.706,-0.288,-0.057,0.952,-0.109,0.147,-0.469,16.817,-3.414,315.266
57906,6.195,0.464,-0.569,-0.087,-0.029,1.001,-0.104,0.139,-0.475,4.960,-1.659,315.358
58028,2.835,3.701,1.724,-0.202,-0.032,0.998,-0.098,0.139,-0.474,11.444,-1.823,313.630
58148,2.905,9.966,3.850,-0.136,-0.043,1.003,-0.097,0.136,-0.475,7.706,-2.480,314.079
58273,3.727,-11.926,10.911,-0.243,-0.053,0.795,-0.105,0.143,-0.474,16.959,-3.790,314.817
58395,9.310,4.428,6.965,-0.142,-0.087,0.973,-0.111,0.150,-0.466,8.290,-5.093,315.045
58514,4.121,-2.196,9.502,-0.163,-0.019,1.021,-0.114,0.152,-0.473,9.041,-1.075,315.391
58636,2.231,-21.901,6.904,-0.599,-0.062,0.886,-0.126,0.165,-0.455,34.017,-4.010,315.960
58758,4.077,-2.188,-0.866,-0.625,0.073,0.913,-0.142,0.167,-0.452,34.311,4.594,318.859
58883,4.331,2.354,0.901,-0.531,-0.075,0.874,-0.141,0.168,-0.452,31.174,-4.904,318.657
59004,2.852,8.873,8.006,-0.600,0.010,0.928,-0.136,0.168,-0.453,32.868,0.602,317.460
59126,0.866,8.934,7.971,-0.567,-0.046,0.924,-0.132,0.174,-0.449,31.499,-2.841,315.759
59248,3.684,4.900,-5.416,-0.488,-0.035,0.955,-0.124,0.174,-0.456,27.027,-2.103,314.052
59367,6.624,14.262,-10.876,-0.447,-0.124,0.905,-0.119,0.170,-0.464,26.060,-7.804,313.480
59489,-1.531,10.579,-0.516,-0.486,-0.090,0.884,-0.123,0.160,-0.470,28.701,-5.824,316.190
59613,-8.680,-13.002,5.661,-0.555,0.006,0.961,-0.124,0.159,-0.466,30.001,0.378,316.532
59735,-5.801,4.060,7.577,-0.492,-0.089,0.852,-0.123,0.153,-0.466,29.864,-5.950,317.432
59855,5.968,-13.431,4.874,-0.484,-0.038,1.076,-0.118,0.153,-0.465,24.217,-2.022,316.237
59977,6.335,4.847,4.769,-0.636,-0.085,0.803,-0.127,0.155,-0.466,38.231,-6.025,317.853
60098,6.484,5.591,2.319,-0.408,0.062,0.943,-0.121,0.153,-0.461,23.339,3.785,316.855
60220,-1.164,0.000,2.398,-0.441,-0.042,0.987,-0.123,0.161,-0.460,24.036,-2.423,315.893
60342,-0.210,9.275,-1.732,-0.436,-0.078,0.882,-0.123,0.154,-0.461,26.180,-5.076,317.316
60464,-0.271,4.095,-0.656,-0.451,-0.076,0.973,-0.122,0.152,-0.465,24.797,-4.465,317.169
60585,-0.105,5.154,-4.139,-0.426,-0.071,0.911,-0.128,0.151,-0.464,24.965,-4.486,318.707
60703,2.695,6.545,-0.184,-0.296,-0.013,0.978,-0.125,0.145,-0.471,16.827,-0.761,319.404
60829,0.822,4.821,-6.239,-0.236,-0.070,0.938,-0.116,0.140,-0.467,14.105,-4.277,318.227
60950,0.875,7.989,-3.185,-0.137,-0.067,1.020,-0.119,0.134,-0.462,7.616,-3.784,320.347
61069,-0.761,3.036,-7.017,-0.064,-0.014,0.958,-0.117,0.130,-0.472,3.808,-0.850,320.629
61191,0.499,-3.054,-8.356,-0.067,-0.023,1.007,-0.117,0.122,-0.473,3.823,-1.283,322.302
61313,-5.346,7.088,-9.476,-0.004,-0.102,0.934,-0.123,0.116,-0.470,0.234,-6.236,325.190
61437,-7.569,5.810,1.024,0.165,-0.036,1.035,-0.116,0.100,-0.476,-9.044,-2.015,327.792
61559,2.013,-13.405,6.834,-0.081,-0.101,0.961,-0.125,0.101,-0.469,4.811,-6.023,329.726
61681,-10.421,-4.305,22.601,-0.117,-0.064,0.973,-0.139,0.105,-0.463,6.869,-3.789,331.517
61799,-15.164,0.026,21.446,-0.224,-0.031,0.840,-0.137,0.101,-0.461,14.911,-2.138,332.124
61917,-2.126,-4.646,21.280,-0.194,-0.059,1.022,-0.138,0.103,-0.463,10.719,-3.288,331.794
62039,-3.929,7.289,8.785,-0.325,0.148,0.802,-0.144,0.103,-0.456,21.729,10.463,332.979
62160,4.585,18.603,23.739,-0.003,0.010,0.915,-0.125,0.112,-0.464,0.183,0.634,326.681
62278,5.486,2.047,17.692,-0.044,-0.102,1.050,-0.116,0.132,-0.470,2.368,-5.542,320.092
62397,2.537,6.851,17.106,-0.019,-0.021,1.058,-0.118,0.136,-0.468,1.047,-1.113,319.640
62515,2.590,8.225,14.788,-0.056,0.163,1.049,-0.106,0.141,-0.469,3.015,8.813,315.359
62640,16.800,-18.218,13.318,-0.169,-0.096,0.863,-0.101,0.161,-0.466,11.008,-6.373,310.715
62761,6.755,-7.551,13.221,0.027,-0.066,0.948,-0.107,0.164,-0.466,-1.654,-3.956,311.647
62883,6.711,-0.901,-10.474,0.017,-0.149,1.134,-0.112,0.170,-0.467,-0.828,-7.466,311.822
63005,0.429,8.715,3.771,0.007,-0.135,1.077,-0.115,0.170,-0.463,-0.390,-7.152,312.487
63126,-3.517,-11.034,-6.029,-0.293,-0.165,0.936,-0.124,0.170,-0.455,17.129,-9.999,314.672
63245,-4.944,12.994,1.059,0.188,-0.021,1.072,-0.120,0.156,-0.462,-9.925,-1.101,316.323
63367,-9.135,-14.569,6.851,-0.115,0.037,0.987,-0.127,0.152,-0.458,6.624,2.174,318.464
63489,12.722,21.472,-2.362,-0.200,0.103,1.053,-0.124,0.148,-0.453,10.698,5.561,318.524
63609,1.715,-2.625,-4.305,-0.298,0.066,0.971,-0.114,0.150,-0.463,17.040,3.865,315.928
63731,14.823,1.890,-11.900,-0.107,-0.035,0.835,-0.127,0.145,-0.455,7.323,-2.389,319.723
63852,4.734,-1.697,-17.404,-0.052,-0.216,1.173,-0.138,0.154,-0.450,2.509,-10.446,320.368
63974,-8.033,9.870,-0.962,-0.223,-0.123,0.964,-0.147,0.147,-0.442,12.947,-7.251,323.607
64095,-14.210,24.080,12.154,-0.135,-0.030,0.926,-0.148,0.158,-0.455,8.272,-1.853,321.663
64214,-1.286,0.796,9.555,-0.102,0.020,0.864,-0.131,0.166,-0.474,6.719,1.359,316.961
64334,2.205,4.270,6.178,-0.167,0.081,0.973,-0.119,0.170,-0.476,9.712,4.738,313.677
64453,0.271,-13.318,-9.502,-0.122,0.081,1.034,-0.107,0.165,-0.478,6.708,4.473,311.580
64578,3.859,-4.226,-1.033,-0.107,0.003,0.945,-0.105,0.155,-0.471,6.466,0.181,312.519
64697,5.827,11.191,11.051,-0.093,-0.200,0.954,-0.106,0.150,-0.470,5.443,-11.848,313.783
64815,-0.341,-12.241,8.759,-0.238,-0.115,0.958,-0.096,0.141,-0.463,13.846,-6.825,312.883
64937,2.056,15.505,23.065,0.120,0.068,1.029,-0.094,0.128,-0.461,-6.648,3.776,314.831
65055,3.824,-2.581,-2.223,-0.287,-0.045,0.936,-0.103,0.127,-0.450,17.053,-2.775,317.645
65181,2.529,11.550,7.630,0.130,0.053,1.101,-0.102,0.135,-0.453,-6.721,2.738,315.583
65302,10.439,5.880,-12.574,-0.145,-0.064,0.871,-0.121,0.143,-0.459,9.445,-4.232,318.753
65421,10.106,-5.154,-3.351,-0.213,-0.154,0.698,-0.123,0.148,-0.459,16.603,-12.421,318.338
65543,-0.192,7.997,8.977,-0.135,0.004,1.094,-0.114,0.150,-0.469,7.039,0.189,315.671
65665,1.190,4.673,12.066,-0.221,-0.089,0.849,-0.117,0.150,-0.475,14.509,-5.957,316.566
65789,2.336,2.966,2.485,-0.061,-0.044,1.000,-0.106,0.158,-0.477,3.481,-2.543,312.469
65908,5.915,5.504,2.293,-0.151,0.043,0.968,-0.115,0.148,-0.474,8.831,2.564,316.365
66029,-1.330,-13.807,5.224,-0.093,-0.093,0.910,-0.105,0.158,-0.466,5.797,-5.850,312.153
66148,3.614,1.400,4.218,-0.219,0.030,0.954,-0.105,0.158,-0.470,12.944,1.819,312.153
66269,9.940,7.035,14.245,-0.351,-0.150,1.148,-0.121,0.165,-0.468,16.863,-7.452,314.720
66387,2.406,-1.864,5.267,-0.419,-0.039,0.859,-0.121,0.171,-0.459,25.989,-2.609,313.891
66512,5.959,-8.041,-1.724,-0.624,-0.051,0.942,-0.130,0.175,-0.455,33.460,-3.075,315.222
66634,4.419,-1.050,4.025,-0.498,-0.100,0.990,-0.137,0.183,-0.456,26.573,-5.794,315.394
66755,-2.170,2.109,4.480,-0.587,-0.046,0.876,-0.133,0.190,-0.451,33.808,-3.021,313.572
66874,3.141,-2.266,5.661,-0.577,-0.092,0.879,-0.130,0.195,-0.459,33.136,-5.997,312.242
66995,2.555,12.609,0.840,-0.424,-0.058,0.933,-0.117,0.196,-0.454,24.417,-3.568,309.339
67117,2.494,-3.622,-2.013,-0.539,-0.105,0.967,-0.101,0.191,-0.464,29.001,-6.208,306.591
67237,2.616,7.446,-9.809,-0.581,-0.033,0.904,-0.114,0.178,-0.460,32.730,-2.095,311.343
67356,1.216,8.899,-4.795,-0.466,-0.070,0.943,-0.103,0.168,-0.465,26.244,-4.249,310.142
67493,1.444,13.151,3.308,-0.382,-0.103,0.945,-0.102,0.164,-0.462,21.913,-6.211,310.479
67612,-3.089,0.945,8.059,-0.385,-0.001,0.954,-0.092,0.159,-0.470,21.960,-0.084,308.466
67737,2.310,0.245,1.059,-0.399,-0.020,0.944,-0.097,0.154,-0.466,22.915,-1.240,310.609
67856,4.602,0.411,1.452,-0.332,-0.035,0.938,-0.094,0.152,-0.464,19.501,-2.109,310.329
67977,0.385,2.100,3.570,-0.297,-0.077,0.987,-0.099,0.151,-0.467,16.668,-4.483,311.962
68099,2.590,2.511,3.132,-0.384,-0.085,0.926,-0.101,0.151,-0.463,22.414,-5.256,312.294
68230,6.484,12.775,1.855,-0.048,-0.091,1.029,-0.099,0.148,-0.470,2.663,-5.053,312.383
68355,1.102,-6.011,-2.100,-0.172,-0.054,0.896,-0.096,0.151,-0.464,10.841,-3.430,311.099
68476,0.761,4.576,1.234,-0.146,-0.039,0.992,-0.102,0.150,-0.468,8.381,-2.240,312.860
68595,-0.464,1.873,0.262,-0.208,-0.027,1.002,-0.107,0.147,-0.472,11.702,-1.545,314.575
68717,-0.114,8.951,3.973,-0.146,-0.049,0.918,-0.099,0.149,-0.473,9.001,-3.070,312.158
68836,1.680,-4.401,-1.347,-0.045,-0.151,1.028,-0.095,0.148,-0.469,2.494,-8.381,311.258
68958,-4.428,9.608,-3.264,0.104,-0.032,0.978,-0.094,0.137,-0.483,-6.065,-1.876,313.059
69075,6.773,5.443,13.939,0.128,-0.031,0.968,-0.096,0.132,-0.475,-7.539,-1.811,314.593
69197,2.485,-4.602,6.484,-0.053,-0.073,1.025,-0.103,0.135,-0.473,2.945,-4.087,316.045
69315,-0.726,6.983,27.003,-0.082,-0.084,1.026,-0.104,0.149,-0.471,4.531,-4.678,313.460
69434,-6.370,0.665,8.698,-0.157,-0.050,0.964,-0.100,0.153,-0.473,9.214,-2.991,311.845
69556,6.939,3.920,12.863,-0.079,0.011,1.001,-0.106,0.150,-0.466,4.529,0.656,313.733
69675,-4.988,-12.994,-1.496,0.029,-0.027,0.991,-0.107,0.159,-0.465,-1.667,-1.586,312.421
69795,5.267,1.435,1.855,0.018,0.035,0.957,-0.115,0.155,-0.459,-1.055,2.110,315.225
69913,9.153,-6.457,-4.620,-0.113,0.027,1.024,-0.121,0.156,-0.466,6.320,1.484,316.394
70032,4.480,3.605,1.164,-0.228,-0.026,1.131,-0.124,0.157,-0.456,11.415,-1.301,316.739
70150,7.849,7.079,-15.374,-0.093,0.000,0.931,-0.120,0.159,-0.462,5.694,0.000,315.675
70272,6.650,-1.715,-0.079,-0.078,-0.038,0.911,-0.120,0.159,-0.463,4.870,-2.367,315.603
70393,6.729,-0.114,-5.486,-0.133,-0.193,1.027,-0.121,0.163,-0.449,7.264,-10.625,315.173
70515,2.398,5.810,-1.400,-0.201,-0.144,0.971,-0.122,0.155,-0.457,11.553,-8.439,316.840
70636,-2.328,-3.308,5.407,-0.179,-0.215,0.996,-0.118,0.157,-0.458,9.944,-12.188,315.523
70755,-6.151,19.530,7.621,0.128,-0.046,1.025,-0.107,0.157,-0.464,-7.106,-2.580,312.775
70877,-8.645,-10.281,11.953,-0.024,0.017,0.942,-0.105,0.152,-0.472,1.447,1.017,313.102
70999,5.014,12.626,-4.568,0.008,-0.044,1.069,-0.101,0.156,-0.469,-0.451,-2.376,311.624
71119,5.119,4.952,4.165,-0.288,0.067,1.097,-0.102,0.149,-0.473,14.671,3.472,312.837
71238,17.850,-6.580,-13.239,-0.052,0.067,0.761,-0.105,0.151,-0.466,3.922,5.055,313.404
71356,2.809,-3.658,-13.615,-0.032,-0.042,0.940,-0.117,0.152,-0.468,1.939,-2.587,316.085
71482,-0.779,0.989,4.699,-0.026,-0.169,1.105,-0.116,0.151,-0.469,1.350,-8.696,316.064
71601,-2.879,5.338,13.650,-0.215,-0.119,0.927,-0.119,0.156,-0.461,12.962,-7.296,315.901
71723,0.884,14.446,15.837,0.083,-0.056,0.982,-0.108,0.160,-0.465,-4.816,-3.249,312.570
71840,-3.666,-1.689,12.276,-0.081,-0.007,0.949,-0.109,0.163,-0.471,4.880,-0.409,312.406
71962,6.282,16.730,6.711,-0.051,-0.011,1.191,-0.111,0.172,-0.470,2.474,-0.537,311.489
72084,3.281,3.386,-7.709,-0.176,0.062,0.755,-0.117,0.172,-0.473,13.110,4.712,312.793
72206,-1.418,-6.352,-8.330,-0.155,-0.037,0.947,-0.121,0.175,-0.475,9.299,-2.250,313.230
72325,-1.452,7.332,3.098,-0.171,-0.117,1.159,-0.128,0.178,-0.471,8.345,-5.753,314.254
72445,1.024,0.866,11.427,-0.182,-0.195,0.811,-0.119,0.178,-0.476,12.296,-13.501,312.416
72564,-3.421,2.826,10.150,0.086,0.151,0.992,-0.106,0.178,-0.474,-4.902,8.652,309.411
72689,2.966,8.645,-0.394,-0.173,0.054,1.036,-0.109,0.181,-0.468,9.491,2.987,309.596
72808,-6.020,-1.164,6.773,-0.036,0.185,1.077,-0.098,0.175,-0.483,1.900,9.727,307.953
72929,2.152,6.011,-20.720,0.060,-0.010,0.850,-0.108,0.167,-0.479,-4.005,-0.674,311.565
73051,7.009,-6.247,0.569,-0.101,-0.244,0.962,-0.113,0.172,-0.479,5.819,-14.245,312.000
73171,1.986,-1.697,11.235,-0.017,-0.041,1.137,-0.114,0.193,-0.489,0.836,-2.090,309.267
73293,-1.426,-8.181,29.995,-0.151,0.074,0.786,-0.096,0.221,-0.491,10.848,5.340,302.207
73418,2.669,11.795,-1.505,-0.112,-0.096,0.920,-0.057,0.210,-0.477,6.891,-5.956,293.867
73539,-1.085,7.420,6.081,-0.005,0.003,1.077,-0.045,0.172,-0.476,0.285,0.133,293.328
73658,-7.919,-1.680,-5.215,-0.196,-0.041,0.900,-0.060,0.135,-0.462,12.273,-2.635,302.763
73777,-5.722,-5.477,2.118,-0.294,0.010,1.014,-0.073,0.118,-0.466,16.175,0.555,310.328
73899,5.582,19.372,-0.954,-0.005,-0.038,0.949,-0.093,0.116,-0.459,0.313,-2.305,317.341
74022,-0.061,4.760,11.113,-0.156,0.015,0.939,-0.102,0.122,-0.475,9.440,0.916,318.515
74144,5.766,17.789,6.352,-0.022,-0.056,1.003,-0.098,0.135,-0.482,1.239,-3.207,314.660
74265,2.047,-20.834,4.095,-0.249,0.027,0.868,-0.094,0.155,-0.479,15.982,1.796,309.846
74384,3.771,5.793,0.621,0.037,-0.062,1.196,-0.089,0.167,-0.483,-1.754,-2.970,306.660
74503,-4.497,12.644,-3.649,-0.148,0.017,0.857,-0.092,0.171,-0.481,9.789,1.113,306.735
74625,2.590,-2.144,7.350,-0.199,-0.050,0.888,-0.065,0.163,-0.487,12.629,-3.243,300.364
74743,5.443,26.372,12.609,0.218,-0.027,1.291,-0.059,0.156,-0.478,-9.585,-1.186,299.254
74864,0.586,-1.741,5.285,-0.554,-0.056,0.881,-0.075,0.150,-0.465,32.087,-3.655,305.124
74983,-0.350,8.120,6.930,0.089,-0.059,1.050,-0.061,0.145,-0.477,-4.849,-3.197,301.282
75104,-0.718,1.321,-2.126,-0.552,0.014,1.054,-0.091,0.142,-0.466,27.651,0.749,311.281
75227,3.579,-18.112,-3.981,-0.330,0.007,0.896,-0.101,0.147,-0.468,20.211,0.417,313.193
75347,-0.219,9.284,-13.274,-0.388,-0.044,1.011,-0.105,0.152,-0.472,20.983,-2.474,313.173
75465,0.928,-12.486,9.371,-0.710,-0.037,0.903,-0.113,0.163,-0.472,38.164,-2.375,313.380
75587,4.314,9.660,17.115,-0.073,-0.031,1.061,-0.091,0.176,-0.487,3.956,-1.685,305.904
75706,-2.109,10.386,7.376,-0.533,-0.026,0.961,-0.100,0.186,-0.477,29.014,-1.527,306.726
75827,2.266,-4.620,3.596,-0.503,-0.011,0.981,-0.105,0.185,-0.472,27.148,-0.616,308.110
75949,-6.073,8.111,3.124,-0.484,-0.071,0.991,-0.105,0.184,-0.467,25.958,-4.070,308.259
76067,-0.613,-13.326,3.220,-0.322,0.003,0.947,-0.101,0.177,-0.477,18.801,0.203,308.208
76188,2.100,-33.688,-2.056,-0.728,-0.049,0.911,-0.116,0.169,-0.468,38.590,-3.059,313.203
76307,-3.719,15.382,0.954,-0.526,0.009,0.818,-0.125,0.161,-0.467,32.743,0.636,316.317
76428,3.168,2.669,5.189,-0.215,-0.039,1.061,-0.117,0.167,-0.480,11.453,-2.088,313.491
76550,-1.663,0.735,3.054,-0.163,-0.034,0.976,-0.111,0.166,-0.483,9.508,-2.016,312.304
76672,5.793,-3.351,1.199,-0.359,-0.012,0.926,-0.112,0.165,-0.484,21.179,-0.770,312.817
76789,1.523,14.980,3.517,-0.034,-0.053,1.079,-0.106,0.175,-0.483,1.818,-2.794,309.826
76908,3.325,1.155,3.570,-0.088,-0.026,0.914,-0.108,0.173,-0.486,5.487,-1.621,310.560
77026,6.834,5.320,-0.201,-0.157,-0.022,1.004,-0.106,0.173,-0.487,8.908,-1.249,310.141
77148,6.571,-7.122,-1.514,-0.116,-0.051,1.003,-0.106,0.186,-0.487,6.585,-2.903,308.288
77270,5.731,5.819,-4.069,-0.145,-0.056,0.965,-0.106,0.184,-0.484,8.513,-3.312,308.568
77387,1.715,7.227,-3.369,-0.023,-0.033,0.981,-0.104,0.185,-0.485,1.331,-1.955,307.954
77506,1.015,7.315,-4.130,0.083,-0.070,1.003,-0.095,0.174,-0.494,-4.715,-3.968,307.223
77627,1.138,-7.753,-1.934,0.092,-0.164,0.971,-0.094,0.180,-0.492,-5.331,-9.573,305.993
77748,-3.465,-23.091,7.726,-0.031,-0.096,1.021,-0.105,0.171,-0.480,1.730,-5.354,310.271
77870,2.503,-6.615,7.971,-0.196,-0.077,1.025,-0.105,0.164,-0.475,10.798,-4.280,311.171
77987,-8.698,-0.271,10.876,-0.384,-0.198,0.845,-0.117,0.146,-0.468,23.849,-13.195,317.313
78108,-7.350,7.718,20.317,0.221,0.068,1.163,-0.106,0.141,-0.474,-10.727,3.348,315.550
78227,-0.945,-4.909,24.920,0.064,0.035,0.828,-0.106,0.142,-0.471,-4.399,2.447,315.513
78349,4.165,-2.634,8.234,-0.109,0.033,0.989,-0.107,0.152,-0.474,6.292,1.907,313.650
78471,10.780,-20.694,2.398,-0.290,0.035,1.092,-0.109,0.151,-0.465,14.882,1.830,314.402
78588,10.019,1.663,-1.094,-0.381,0.020,0.797,-0.117,0.153,-0.462,25.525,1.415,316.133
78710,4.069,10.229,-12.477,0.071,-0.148,1.070,-0.112,0.148,-0.466,-3.773,-7.879,315.675
78829,2.135,-9.783,2.336,-0.250,-0.213,0.854,-0.116,0.152,-0.466,15.873,-13.991,316.046
78951,7.385,4.524,9.669,0.100,-0.019,1.149,-0.119,0.147,-0.464,-4.965,-0.925,317.499
79070,4.515,-8.995,3.500,-0.474,-0.071,0.853,-0.124,0.154,-0.453,28.990,-4.784,317.436
79191,9.240,-8.347,8.269,-0.655,-0.055,0.932,-0.132,0.153,-0.455,35.057,-3.373,319.224
79308,-1.610,2.642,8.111,-0.680,-0.044,0.817,-0.135,0.163,-0.450,39.735,-3.064,318.313
79427,2.625,14.507,-2.161,-0.365,-0.140,1.031,-0.131,0.164,-0.448,19.317,-7.709,317.150
79548,8.680,-14.630,-4.174,-0.338,-0.122,1.007,-0.127,0.171,-0.451,18.415,-6.922,315.209
79670,5.407,-29.435,-2.188,-0.989,0.019,0.690,-0.150,0.168,-0.434,55.081,1.544,320.374
79791,-5.390,6.300,-19.311,-0.565,0.055,0.827,-0.149,0.158,-0.431,34.257,3.797,321.906
79912,5.626,-11.690,-7.787,-0.611,-0.093,0.938,-0.151,0.147,-0.442,32.950,-5.675,324.495
80034,2.555,5.932,-10.028,-0.749,-0.073,0.748,-0.159,0.143,-0.427,44.919,-5.548,326.610
80156,9.634,-16.441,4.209,-0.524,-0.106,0.947,-0.164,0.146,-0.424,28.798,-6.405,326.889
80290,1.969,5.434,2.144,-0.671,-0.083,0.798,-0.173,0.148,-0.419,39.885,-5.932,328.120
80412,-0.385,2.284,1.242,-0.488,-0.229,0.915,-0.174,0.155,-0.420,27.333,-14.025,326.898
80531,0.805,8.566,-1.041,-0.410,-0.184,0.854,-0.173,0.139,-0.424,25.161,-12.153,329.756
80650,-8.767,-4.620,-3.902,-0.247,-0.110,1.036,-0.168,0.135,-0.426,13.348,-6.047,329.938
80771,-8.785,42.070,-3.684,-0.056,-0.131,1.030,-0.165,0.122,-0.434,3.086,-7.268,331.960
80910,-15.050,-16.870,-6.860,-0.640,0.096,1.009,-0.157,0.103,-0.438,32.282,5.459,335.434
81032,7.079,8.076,-3.544,-0.239,0.175,0.927,-0.159,0.095,-0.436,14.219,10.718,337.758
81153,1.286,-4.847,8.750,-0.129,0.040,0.921,-0.159,0.093,-0.439,7.991,2.465,338.095
81271,-1.391,-22.278,11.996,-0.379,0.085,0.891,-0.172,0.099,-0.428,22.960,5.469,338.775
81393,1.514,-25.156,6.764,-0.244,-0.030,0.938,-0.183,0.102,-0.423,14.602,-1.815,339.529
81518,-13.475,-37.975,22.216,-0.464,0.020,0.950,-0.212,0.108,-0.387,26.027,1.233,341.699
81640,2.651,18.349,20.029,-0.670,-0.013,0.942,-0.223,0.113,-0.382,35.432,-0.775,341.657
81768,14.499,62.221,14.962,-0.281,0.056,0.878,-0.185,0.130,-0.418,17.721,3.647,333.483
81887,19.337,37.756,-7.621,-0.199,-0.145,0.978,-0.150,0.148,-0.437,11.397,-8.456,324.064
82009,11.804,26.626,-0.341,-0.154,-0.124,0.965,-0.125,0.145,-0.454,8.992,-7.323,319.313
82132,12.302,17.176,-0.962,-0.157,-0.140,0.963,-0.107,0.148,-0.454,9.180,-8.286,314.342
82254,6.781,14.315,4.191,-0.108,-0.179,0.986,-0.093,0.154,-0.465,6.162,-10.279,309.666
82375,-4.594,9.677,11.113,-0.111,-0.082,0.974,-0.089,0.156,-0.469,6.469,-4.788,308.402
82494,7.219,-0.455,10.797,-0.086,-0.194,0.993,-0.086,0.158,-0.470,4.867,-11.071,307.095
82612,3.483,11.568,4.358,-0.116,-0.161,0.955,-0.084,0.160,-0.468,6.816,-9.575,306.293
82738,5.644,6.300,8.654,-0.077,-0.171,1.008,-0.082,0.172,-0.471,4.328,-9.648,304.071
82859,3.430,5.600,2.389,-0.090,-0.139,0.981,-0.080,0.172,-0.471,5.168,-8.038,303.592
82980,2.257,1.969,-7.140,-0.114,-0.225,0.996,-0.084,0.170,-0.477,6.355,-12.730,304.899
83101,2.966,6.633,5.775,-0.101,-0.086,0.962,-0.078,0.162,-0.476,5.945,-5.100,304.224
83220,2.319,9.328,4.008,-0.010,-0.127,0.986,-0.070,0.169,-0.484,0.587,-7.319,301.001
83338,6.799,11.462,-0.796,-0.090,-0.093,0.987,-0.065,0.166,-0.481,5.205,-5.386,300.064
83464,3.745,2.879,7.700,-0.037,-0.139,0.906,-0.057,0.175,-0.483,2.335,-8.706,296.699
83585,-1.225,-6.781,3.911,0.039,-0.069,0.974,-0.061,0.174,-0.478,-2.285,-4.053,297.841
83706,-8.820,-24.028,-8.619,-0.077,-0.253,1.012,-0.077,0.175,-0.471,4.211,-14.036,302.479
83827,-10.360,-33.014,3.430,-0.133,-0.130,0.919,-0.106,0.158,-0.459,8.144,-8.041,312.469
83949,-33.075,-30.765,10.483,-0.262,-0.069,0.949,-0.137,0.145,-0.440,15.401,-4.160,322.047
84072,-0.359,-19.591,8.680,-0.588,0.463,1.148,-0.166,0.126,-0.423,25.417,21.980,331.471
84191,2.091,-0.647,-7.359,-0.199,-0.060,0.990,-0.160,0.119,-0.429,11.334,-3.493,331.831
84312,-2.730,30.844,0.236,-0.342,-0.019,0.968,-0.162,0.113,-0.430,19.473,-1.119,333.831
84430,6.545,6.659,-6.055,-0.113,-0.055,0.979,-0.136,0.109,-0.445,6.572,-3.218,329.741
84551,-12.425,-32.165,-18.821,-0.032,-0.048,0.989,-0.144,0.095,-0.445,1.839,-2.794,335.136
84676,-30.826,-54.241,7.858,-0.313,0.036,0.951,-0.181,0.073,-0.419,18.198,2.186,346.634
84798,-16.975,-6.912,-0.971,-0.320,0.023,0.711,-0.197,0.051,-0.407,24.210,1.883,354.123
84917,-0.595,10.535,17.570,-0.487,0.055,0.525,-0.195,0.049,-0.405,42.665,5.938,354.389
85039,22.146,18.638,-18.620,-0.544,-0.003,0.727,-0.190,0.065,-0.413,36.813,-0.202,349.588
85157,22.321,12.950,-33.066,-0.047,-0.027,0.768,-0.164,0.049,-0.437,3.501,-2.028,351.921
85283,4.918,-6.108,-20.536,-0.494,0.153,0.909,-0.177,0.055,-0.432,28.191,9.583,351.267
85404,-3.342,-9.599,-16.896,-0.358,0.162,1.027,-0.179,0.025,-0.423,18.988,8.937,0.795
85523,11.051,-30.485,-56.158,-0.595,0.051,1.148,-0.194,0.002,-0.413,27.373,2.535,7.878
85642,5.171,-21.840,-60.804,-0.343,0.187,1.085,-0.203,-0.060,-0.397,17.297,9.756,24.937
85763,12.329,-3.194,-38.150,-0.515,0.137,1.004,-0.206,-0.085,-0.375,26.931,7.801,30.976
85888,-10.132,2.905,-59.080,-0.461,0.337,0.854,-0.187,-0.125,-0.373,26.665,21.543,42.240
86009,29.759,10.981,-72.214,-0.329,0.556,0.866,-0.153,-0.173,-0.384,17.722,32.669,57.140
86130,62.388,15.654,-49.577,-0.288,0.300,0.868,-0.107,-0.184,-0.403,17.446,19.051,68.494
86249,31.570,8.111,-66.973,-0.309,0.207,0.944,-0.060,-0.181,-0.441,17.716,12.364,80.238
86368,-42.954,11.340,-40.959,-0.267,0.211,0.790,-0.030,-0.202,-0.442,18.124,14.941,90.117
86490,-18.427,-10.701,-11.471,-0.342,0.296,0.952,-0.016,-0.238,-0.427,18.949,17.270,94.703
86608,-0.333,20.388,-14.551,-0.478,0.255,0.932,-0.015,-0.263,-0.412,26.330,15.301,95.405
86729,14.901,-11.174,0.333,0.012,0.391,1.135,0.019,-0.280,-0.410,-0.550,19.018,102.388
86848,16.861,3.360,-7.158,-0.184,0.120,0.829,0.018,-0.263,-0.424,12.398,8.242,102.453
86966,13.755,-3.334,-2.196,-0.176,0.149,0.945,0.028,-0.248,-0.434,10.410,8.962,105.030
87089,-22.435,-0.962,-0.726,-0.250,0.240,0.901,0.019,-0.248,-0.430,15.011,14.922,102.998
87211,0.376,-10.334,0.770,-0.185,0.267,0.955,0.022,-0.265,-0.417,10.570,15.618,103.284
87332,-0.543,-1.452,-2.993,-0.150,0.305,0.919,0.019,-0.267,-0.412,8.804,18.338,102.751
87453,4.445,3.150,4.253,-0.245,0.260,0.915,0.025,-0.271,-0.421,14.459,15.880,103.950
87572,4.620,-3.640,9.170,-0.215,0.319,0.962,0.020,-0.275,-0.419,11.975,18.364,102.751
87693,-2.896,0.577,7.831,-0.205,0.279,0.927,0.014,-0.270,-0.413,11.980,16.759,101.546
87815,4.253,-6.694,8.776,-0.293,0.307,0.952,0.005,-0.274,-0.414,16.325,17.896,99.694