559,-1.102,30.056,-2.852,-0.225,0.302,0.935,0.000,0.000,0.000,12.901,17.915,8.580
696,1.785,0.892,2.398,-0.188,0.248,0.917,-0.102,-0.085,-0.478,11.168,15.128,48.347
816,-3.010,-4.323,2.389,-0.234,0.284,0.898,-0.113,-0.083,-0.479,13.946,17.536,45.003
931,-6.834,17.211,13.108,-0.183,0.368,0.951,-0.115,-0.085,-0.471,10.176,21.131,44.979
1051,6.921,-3.168,1.479,-0.283,0.311,0.926,-0.120,-0.077,-0.473,16.166,18.553,41.315
1170,5.749,-10.491,0.166,-0.386,0.126,1.032,-0.124,-0.067,-0.475,20.365,6.963,37.209
1292,8.540,12.355,11.419,-0.289,0.247,1.172,-0.116,-0.076,-0.473,13.563,11.909,41.740
1412,34.790,22.802,29.313,-0.191,0.285,0.989,-0.113,-0.048,-0.488,10.487,16.069,31.804
1531,25.086,2.223,32.821,-0.178,0.133,0.979,-0.111,-0.006,-0.494,10.201,7.732,11.900
1650,22.234,19.609,46.086,-0.173,0.134,0.885,-0.113,0.028,-0.496,10.967,8.582,354.628
1769,18.673,9.590,43.041,-0.111,0.051,0.905,-0.102,0.067,-0.496,6.953,3.256,335.384
1892,-15.216,-19.609,46.830,-0.170,0.072,0.986,-0.108,0.087,-0.499,9.744,4.188,329.722
2011,5.644,-16.494,59.719,-0.217,0.079,1.035,-0.127,0.101,-0.481,11.801,4.391,329.889
2127,-25.419,-15.068,67.209,-0.248,0.126,1.089,-0.127,0.121,-0.480,12.740,6.600,324.935
2247,-12.705,-11.480,89.679,-0.388,0.023,1.108,-0.141,0.154,-0.469,19.312,1.214,321.159
2362,-34.160,-68.346,107.214,-0.365,0.083,0.978,-0.144,0.191,-0.457,20.422,4.860,315.678
2482,-36.304,-49.481,95.445,-0.544,0.059,0.551,-0.174,0.223,-0.423,44.451,6.159,316.629
2601,-13.326,-6.344,78.829,-0.614,0.205,0.878,-0.168,0.251,-0.418,34.268,13.130,312.395
2720,-53.891,-28.122,73.474,-0.702,-0.071,0.595,-0.163,0.273,-0.414,49.547,-6.767,309.409
2839,0.866,35.647,54.766,-0.659,-0.068,0.512,-0.123,0.270,-0.426,51.939,-7.520,303.172
2956,1.811,96.075,36.750,-0.270,-0.219,0.579,-0.059,0.302,-0.450,23.567,-20.774,289.608
3075,-25.323,21.910,22.531,-0.041,-0.106,0.847,0.019,0.289,-0.478,2.746,-7.135,274.895
3194,-6.081,32.174,5.512,-0.463,0.214,0.969,0.029,0.265,-0.492,25.035,12.453,272.270
3313,-9.345,23.817,1.418,-0.422,-0.140,1.011,0.045,0.274,-0.492,22.449,-7.887,269.331
3429,23.503,8.951,11.489,-0.300,-0.145,0.846,0.076,0.269,-0.499,19.244,-9.724,262.745
3549,-8.470,-9.949,-7.017,-0.509,-0.036,0.950,0.065,0.281,-0.487,28.164,-2.200,265.508
3667,1.575,46.909,11.384,-0.058,-0.094,1.019,0.096,0.284,-0.495,3.243,-5.272,259.823
3790,12.206,5.031,21.831,-0.105,-0.008,0.988,0.129,0.281,-0.492,6.046,-0.456,253.872
3910,-33.906,20.493,-24.001,-0.117,-0.580,0.978,0.126,0.286,-0.488,5.856,-30.663,254.826
4029,9.748,17.622,49.193,-0.300,-0.120,0.968,0.142,0.276,-0.501,17.070,-7.038,251.357
4148,-28.315,35.481,37.389,-0.061,0.034,0.985,0.192,0.261,-0.496,3.538,1.979,242.289
4264,-1.251,14.499,2.223,-0.088,0.012,1.033,0.211,0.238,-0.503,4.867,0.673,237.131
4386,8.321,15.628,-7.770,0.006,-0.051,0.969,0.224,0.246,-0.501,-0.346,-3.024,236.204
4506,3.622,15.400,-1.837,0.029,-0.087,0.978,0.229,0.253,-0.494,-1.684,-5.113,236.507
4622,2.975,3.999,13.029,-0.134,-0.034,0.966,0.232,0.250,-0.490,7.884,-2.003,235.642
4741,5.819,6.904,24.570,0.041,-0.129,0.996,0.247,0.253,-0.487,-2.345,-7.407,234.205
4860,-11.611,-1.426,-7.997,0.047,0.056,0.982,0.246,0.251,-0.494,-2.710,3.261,234.176
4982,5.766,1.251,16.231,0.003,-0.044,0.973,0.245,0.248,-0.498,-0.154,-2.599,233.922
5101,5.985,2.398,6.003,-0.062,0.034,1.058,0.249,0.246,-0.491,3.329,1.830,233.256
5218,2.844,1.251,6.878,0.022,-0.074,0.976,0.250,0.249,-0.491,-1.282,-4.327,233.435
5338,-5.233,7.017,-7.245,-0.057,-0.081,1.025,0.249,0.250,-0.488,3.181,-4.521,233.757
5455,-14.927,-6.930,-6.790,0.225,0.250,1.158,0.259,0.242,-0.496,-10.752,12.163,231.625
5578,0.201,10.719,5.679,-0.044,0.130,1.134,0.247,0.237,-0.495,2.231,6.535,232.355
5697,-3.955,7.928,-13.615,0.054,-0.027,0.992,0.250,0.242,-0.494,-3.098,-1.577,232.684
5814,-5.093,6.300,-9.100,0.028,-0.016,0.968,0.240,0.236,-0.500,-1.627,-0.960,233.209
5933,-6.396,0.411,-10.185,0.117,-0.412,0.827,0.238,0.241,-0.503,-7.201,-26.482,233.865
6051,-2.380,-0.875,-0.394,0.032,0.008,1.060,0.230,0.234,-0.502,-1.737,0.439,234.048
6171,2.686,-3.693,11.909,0.208,-0.015,1.078,0.228,0.235,-0.502,-10.924,-0.771,234.427
6293,7.158,-94.159,49.516,0.158,-0.125,0.911,0.200,0.240,-0.510,-9.757,-7.837,238.837
6413,-17.202,-89.092,94.378,-0.597,-0.099,0.868,0.106,0.232,-0.525,34.358,-6.531,254.058
6532,-8.794,-21.691,36.129,-0.616,-0.016,0.924,0.070,0.226,-0.521,33.674,-0.964,261.301
6650,9.083,9.949,-0.858,-0.466,-0.017,0.887,0.069,0.227,-0.523,27.726,-1.107,261.738
6770,9.310,12.565,-19.609,-0.470,-0.106,0.915,0.075,0.235,-0.514,27.004,-6.576,260.907
6892,0.919,18.384,-30.433,-0.440,-0.046,0.932,0.079,0.235,-0.511,25.273,-2.823,260.084
7012,0.157,39.305,-46.393,-0.366,-0.011,0.946,0.089,0.235,-0.511,21.138,-0.661,257.778
7128,17.071,39.182,-27.046,-0.250,-0.017,0.956,0.102,0.229,-0.507,14.651,-1.012,254.562
7247,2.188,36.382,-24.036,-0.013,-0.040,0.977,0.137,0.243,-0.513,0.765,-2.338,249.106
7367,9.266,29.829,-15.750,0.134,0.083,0.964,0.160,0.245,-0.506,-7.876,4.892,245.498
7489,5.863,10.859,3.517,0.004,0.058,0.979,0.172,0.252,-0.507,-0.217,3.416,244.276
7608,3.876,-2.861,1.531,-0.067,0.134,1.082,0.168,0.254,-0.501,3.502,7.072,245.146
7728,11.804,1.418,-10.675,-0.146,0.118,1.362,0.153,0.263,-0.508,6.081,4.949,248.430
7846,15.269,-14.779,-9.879,-0.144,-0.190,0.964,0.139,0.279,-0.503,8.325,-11.137,252.072
7965,15.969,14.245,-0.875,0.105,-0.083,0.963,0.140,0.282,-0.499,-6.192,-4.950,252.266
8088,5.486,-8.951,-0.866,0.004,-0.101,0.936,0.150,0.287,-0.502,-0.234,-6.186,251.028
8203,0.044,20.388,1.461,-0.131,-0.231,0.853,0.139,0.290,-0.499,8.453,-15.183,252.952
8323,-13.020,-8.715,1.663,0.034,-0.251,0.943,0.150,0.285,-0.496,-2.009,-14.921,250.825
8441,-18.795,-0.954,7.429,-0.148,-0.058,0.932,0.155,0.263,-0.510,9.014,-3.531,247.968
8560,-8.514,-8.741,15.260,0.044,0.230,1.220,0.164,0.246,-0.514,-2.017,10.692,244.920
8677,5.451,-12.163,20.624,-0.290,-0.076,1.018,0.155,0.249,-0.514,15.885,-4.263,246.693
8797,-6.851,5.609,1.523,-0.006,0.031,0.963,0.162,0.242,-0.515,0.363,1.844,244.844
8914,6.641,-34.283,1.820,-0.114,0.007,0.948,0.150,0.236,-0.514,6.849,0.398,246.219
9034,-26.329,31.290,2.441,0.080,0.046,0.999,0.144,0.232,-0.523,-4.565,2.622,246.749
9154,-3.351,-46.568,13.475,-0.122,0.106,1.001,0.137,0.223,-0.521,6.887,6.036,247.107
9272,1.479,-9.599,-8.382,0.035,0.083,0.971,0.110,0.220,-0.526,-2.061,4.912,252.044
9392,20.466,-17.334,-0.604,-0.285,0.068,1.050,0.092,0.227,-0.520,15.154,3.717,256.620
9508,13.256,-11.743,6.729,-0.213,-0.025,1.228,0.079,0.250,-0.509,9.851,-1.167,260.987
9627,15.269,0.901,-5.617,-0.788,-0.075,0.776,0.046,0.262,-0.504,45.308,-5.497,268.513
9746,10.203,-7.026,-6.247,-0.412,0.011,0.685,0.057,0.260,-0.496,31.034,0.924,266.172
9863,-0.464,18.935,-5.023,-0.260,-0.013,0.949,0.064,0.269,-0.493,15.323,-0.777,265.150
9985,0.254,20.974,21.201,-0.032,-0.096,1.111,0.083,0.268,-0.503,1.655,-4.956,261.347
10104,-4.751,24.622,12.819,-0.202,-0.146,0.992,0.110,0.270,-0.503,11.376,-8.374,256.447
10220,-2.564,8.409,-0.289,-0.325,-0.153,1.025,0.125,0.261,-0.500,17.422,-8.473,252.931
10337,-4.673,40.521,-0.910,0.178,0.137,0.957,0.134,0.244,-0.502,-10.431,8.145,249.887
10456,-5.329,8.435,8.610,0.045,0.006,0.928,0.152,0.250,-0.507,-2.800,0.384,247.348
10578,5.233,29.663,-21.884,-0.274,0.017,0.934,0.137,0.240,-0.516,16.351,1.044,248.796
10696,2.852,-21.630,-22.715,-0.105,0.005,1.231,0.143,0.242,-0.512,4.885,0.221,248.062
10812,2.642,10.876,3.027,-0.005,0.076,1.035,0.119,0.234,-0.511,0.286,4.175,251.632
10928,-3.054,-0.472,14.578,-0.056,-0.015,0.820,0.124,0.243,-0.511,3.907,-1.019,251.594
11044,4.340,-8.102,21.595,-0.382,-0.272,0.936,0.118,0.243,-0.509,21.412,-16.212,252.599
11164,-12.775,13.475,4.165,-0.186,-0.058,1.094,0.125,0.240,-0.515,9.628,-3.015,250.982
11287,8.759,19.329,-1.811,-0.232,0.008,0.858,0.134,0.239,-0.514,15.143,0.558,249.224
11403,-1.908,23.879,-2.494,-0.078,-0.012,0.846,0.144,0.240,-0.507,5.237,-0.793,247.606
11523,3.570,8.601,2.747,0.140,0.095,1.198,0.152,0.236,-0.508,-6.648,4.527,245.762
11642,17.474,-5.827,6.387,-0.225,0.000,0.866,0.150,0.247,-0.509,14.590,0.020,247.202
11758,9.459,4.384,-1.199,-0.075,-0.143,1.086,0.161,0.255,-0.501,3.906,-7.517,246.242
11877,10.596,-1.452,0.525,-0.193,0.049,1.025,0.158,0.252,-0.498,10.633,2.763,246.552
11996,14.009,4.148,-14.499,-0.028,-0.039,0.883,0.156,0.262,-0.500,1.819,-2.540,247.774
12114,14.017,-8.225,-4.463,0.002,-0.125,1.024,0.137,0.267,-0.488,-0.088,-6.970,251.430
12231,7.298,-10.806,-3.535,-0.053,-0.275,1.133,0.123,0.280,-0.485,2.624,-13.648,254.807
12350,-6.948,2.581,11.261,-0.264,-0.165,0.912,0.114,0.278,-0.478,15.870,-10.277,256.219
12470,-6.387,4.734,9.993,-0.405,-0.085,0.853,0.114,0.279,-0.482,25.322,-5.708,256.358
12589,-1.575,-10.176,1.942,-0.078,-0.029,0.960,0.116,0.276,-0.486,4.638,-1.713,255.898
12707,-6.641,21.551,16.301,-0.116,0.039,0.897,0.110,0.278,-0.490,7.385,2.481,257.048
12827,7.892,9.319,1.558,-0.090,0.058,1.234,0.130,0.281,-0.489,4.188,2.680,253.638
12943,2.170,-0.621,-1.873,-0.435,0.036,0.855,0.132,0.288,-0.483,26.931,2.418,253.998
13066,15.243,8.208,-16.870,-0.205,-0.081,0.950,0.132,0.295,-0.483,12.151,-4.900,254.494
13182,1.321,-11.672,-4.944,-0.200,-0.067,0.966,0.121,0.296,-0.478,11.645,-3.969,256.294
13302,-0.394,1.015,-4.673,-0.101,-0.165,1.080,0.131,0.301,-0.489,5.275,-8.667,255.079
13420,-8.977,12.766,14.630,-0.140,-0.111,1.044,0.128,0.292,-0.491,7.596,-6.074,254.889
13537,-11.104,20.667,2.275,-0.215,-0.007,0.777,0.134,0.274,-0.498,15.491,-0.517,252.603
13669,-3.500,-12.819,16.739,-0.038,-0.083,0.997,0.138,0.267,-0.504,2.199,-4.769,251.310
13797,3.719,-2.389,-4.051,-0.269,0.163,0.895,0.130,0.255,-0.509,16.482,10.356,251.502
13913,5.871,11.139,7.779,-0.141,0.112,1.074,0.140,0.256,-0.497,7.464,5.970,249.915
14030,12.731,-1.181,-6.090,-0.112,-0.015,0.848,0.147,0.264,-0.501,7.550,-1.010,249.412
14147,7.411,-6.781,-6.116,-0.094,-0.013,0.939,0.138,0.272,-0.496,5.742,-0.789,251.709
14264,7.866,8.015,-2.922,-0.077,-0.136,1.128,0.133,0.274,-0.502,3.872,-6.889,252.673
14386,-8.698,9.538,5.950,-0.133,-0.143,0.981,0.140,0.272,-0.493,7.650,-8.321,251.347
14505,-12.373,-11.856,3.850,-0.312,-0.089,0.916,0.132,0.260,-0.499,18.716,-5.539,251.670
14621,-5.521,16.529,9.074,0.099,0.136,0.983,0.132,0.254,-0.499,-5.669,7.900,251.124
14738,0.350,-0.560,26.285,0.055,0.072,1.003,0.137,0.250,-0.500,-3.107,4.131,249.889
14857,11.568,11.043,15.181,-0.243,-0.009,1.060,0.139,0.268,-0.489,12.888,-0.465,251.052
14980,9.249,-10.736,-17.176,-0.229,0.065,0.957,0.145,0.269,-0.502,13.423,3.893,250.313
15097,9.975,-3.299,-8.654,-0.018,-0.132,0.752,0.145,0.282,-0.492,1.350,-9.984,251.348
15217,7.026,-15.864,-9.354,-0.213,-0.198,1.030,0.135,0.288,-0.494,11.501,-10.869,253.458
15334,-6.160,10.080,0.350,-0.255,-0.168,0.981,0.131,0.282,-0.497,14.379,-9.729,253.551
15450,-7.630,-1.409,11.288,-0.336,-0.114,0.844,0.138,0.274,-0.492,21.539,-7.662,251.781
15572,-13.738,-3.360,10.727,0.115,0.017,0.981,0.143,0.261,-0.499,-6.695,0.965,249.759
15692,-3.132,-12.600,5.530,-0.180,0.054,0.772,0.141,0.252,-0.491,13.124,4.026,249.334
15811,3.614,6.160,7.210,-0.299,0.024,1.072,0.137,0.249,-0.486,15.599,1.301,249.720
15926,7.053,11.182,-14.936,-0.280,0.135,1.075,0.142,0.256,-0.488,14.466,7.184,249.608
16046,12.180,-7.070,-7.577,0.036,-0.064,0.769,0.120,0.269,-0.478,-2.678,-4.741,254.623
16167,5.049,27.510,-8.374,-0.014,-0.128,1.288,0.101,0.291,-0.478,0.602,-5.694,259.379
16287,-8.418,-9.257,6.204,-0.368,-0.098,0.961,0.084,0.323,-0.474,20.870,-5.835,264.013
16406,-10.404,11.935,5.705,-0.150,-0.082,1.088,0.101,0.342,-0.486,7.845,-4.288,262.088
16522,-4.918,-1.995,6.055,-0.032,0.036,0.968,0.126,0.324,-0.490,1.911,2.117,257.362
16641,-6.965,-7.341,27.177,-0.059,0.060,0.902,0.144,0.312,-0.493,3.721,3.798,253.777
16757,10.395,8.085,17.789,-0.291,0.095,1.167,0.159,0.300,-0.491,13.970,4.652,250.599
16879,10.631,5.521,-4.716,-0.119,0.074,1.003,0.175,0.290,-0.493,6.732,4.216,247.551
16999,14.158,-17.841,-11.366,-0.022,-0.110,0.719,0.163,0.295,-0.483,1.724,-8.730,249.650
17115,6.108,-3.054,-12.443,-0.105,-0.193,1.128,0.149,0.290,-0.491,5.261,-9.728,251.387
17234,-15.155,-4.830,12.688,-0.343,-0.146,0.891,0.138,0.275,-0.491,20.782,-9.331,251.828
17354,-6.003,6.055,2.398,-0.267,-0.092,1.011,0.138,0.254,-0.507,14.767,-5.187,250.142
17477,-18.585,5.443,-2.109,-0.001,0.102,1.052,0.147,0.235,-0.512,0.063,5.560,246.605
17592,-0.499,-1.759,11.874,-0.089,0.102,0.861,0.141,0.228,-0.507,5.860,6.780,246.841
17712,20.186,10.631,8.916,-0.148,0.033,1.082,0.142,0.228,-0.511,7.773,1.753,246.632
17830,3.596,-1.479,15.286,-0.235,0.039,0.926,0.152,0.239,-0.503,14.216,2.410,246.161
17949,10.797,-11.699,2.293,-0.361,-0.035,0.845,0.154,0.244,-0.500,23.129,-2.402,246.298
18069,14.341,3.955,-3.929,-0.008,-0.232,1.101,0.156,0.263,-0.499,0.401,-11.907,247.985
18185,-3.474,-2.984,2.993,-0.283,-0.036,0.984,0.141,0.262,-0.496,16.042,-2.094,250.276
18301,1.837,12.845,4.532,-0.347,-0.088,0.854,0.142,0.259,-0.502,22.020,-5.869,249.866
18420,0.236,3.535,1.811,-0.126,0.035,0.937,0.138,0.255,-0.501,7.672,2.110,250.034
18539,4.165,-5.521,0.438,-0.351,-0.018,1.014,0.139,0.259,-0.505,19.079,-1.023,250.355
18661,4.253,22.514,4.043,-0.112,-0.016,1.147,0.132,0.265,-0.500,5.602,-0.811,252.112
18777,3.290,-12.224,3.981,-0.397,-0.062,0.931,0.134,0.259,-0.495,23.046,-3.821,251.204
18896,1.181,8.024,1.636,-0.507,-0.018,0.912,0.125,0.266,-0.507,29.043,-1.145,253.345
19015,-0.201,2.065,4.077,-0.492,-0.041,0.808,0.127,0.269,-0.490,31.321,-2.904,253.257
19131,-1.680,15.330,-2.284,-0.186,-0.028,0.985,0.133,0.268,-0.495,10.696,-1.607,252.195
19251,2.074,-9.153,-3.334,-0.390,0.013,0.989,0.129,0.274,-0.490,21.526,0.760,253.461
19374,0.429,11.139,5.241,-0.227,-0.026,0.879,0.126,0.286,-0.495,14.478,-1.709,254.873
19492,1.461,-2.433,-0.516,-0.372,-0.023,0.992,0.115,0.286,-0.497,20.554,-1.304,256.692
19612,1.024,-1.960,0.499,-0.355,-0.012,1.006,0.111,0.288,-0.498,19.430,-0.678,257.546
19730,1.260,-2.433,0.087,-0.392,-0.041,0.932,0.100,0.300,-0.502,22.791,-2.534,260.129
19846,1.409,-1.024,3.273,-0.321,-0.059,0.950,0.103,0.303,-0.492,18.627,-3.540,259.780
19965,3.693,-5.582,0.752,-0.360,-0.085,0.979,0.093,0.309,-0.499,20.123,-4.974,261.750
20084,-0.175,6.029,2.940,-0.265,-0.027,0.949,0.086,0.308,-0.503,15.592,-1.642,262.979
20203,-0.901,-0.192,10.334,-0.270,-0.077,0.907,0.087,0.310,-0.496,16.524,-4.873,262.916
20323,0.429,-4.716,14.438,-0.180,-0.053,1.034,0.090,0.308,-0.501,9.873,-2.932,262.223
20439,2.336,9.975,9.546,-0.203,-0.018,0.917,0.099,0.305,-0.509,12.455,-1.124,260.532
20561,-2.669,-1.759,15.313,-0.277,0.025,1.001,0.105,0.306,-0.511,15.440,1.459,259.691
20681,-3.719,6.825,16.048,-0.133,-0.029,1.039,0.118,0.305,-0.505,7.278,-1.593,257.426
20796,4.331,3.255,9.887,-0.239,-0.056,0.970,0.124,0.306,-0.506,13.795,-3.314,256.603
20912,1.304,7.779,5.189,-0.083,-0.069,0.959,0.133,0.310,-0.503,4.939,-4.123,255.356
21030,3.885,-0.543,10.797,-0.241,-0.097,0.969,0.136,0.309,-0.506,13.920,-5.733,254.866
21153,5.285,2.406,0.840,-0.176,-0.006,0.995,0.139,0.312,-0.507,10.020,-0.355,254.558
21272,4.874,10.456,1.654,-0.199,-0.019,0.937,0.140,0.315,-0.507,12.012,-1.186,254.582
21391,1.514,-2.065,-2.433,-0.175,-0.053,1.045,0.138,0.319,-0.498,9.480,-2.886,255.127
21508,-3.132,19.469,-12.443,-0.079,-0.104,0.990,0.137,0.316,-0.500,4.520,-6.015,255.128
21626,1.890,-1.829,-1.024,0.186,-0.089,1.062,0.139,0.317,-0.501,-9.882,-4.766,254.853
21749,5.504,10.071,-11.340,0.176,-0.096,1.027,0.134,0.320,-0.508,-9.703,-5.338,255.955
21869,-0.840,-4.419,3.666,0.048,-0.067,0.984,0.140,0.326,-0.507,-2.765,-3.896,255.316
21988,5.119,-8.794,-7.359,-0.048,0.030,0.969,0.132,0.318,-0.509,2.832,1.789,255.992
22105,1.067,-1.374,-9.389,-0.079,-0.082,0.995,0.122,0.326,-0.501,4.554,-4.737,258.118
22223,15.146,0.560,-1.803,-0.201,-0.080,0.841,0.120,0.326,-0.504,13.374,-5.426,258.289
22343,-10.413,10.342,-5.434,-0.014,-0.023,1.079,0.121,0.333,-0.503,0.755,-1.211,258.628
22466,-8.785,21.656,7.586,0.118,-0.042,1.055,0.133,0.319,-0.508,-6.385,-2.259,255.869
22582,0.455,14.499,17.622,-0.104,-0.062,0.965,0.139,0.312,-0.503,6.153,-3.666,254.622
22702,-4.226,-4.156,-8.076,0.039,0.038,1.040,0.155,0.304,-0.513,-2.165,2.109,251.594
22820,-0.840,-1.409,9.083,0.230,-0.070,1.083,0.147,0.304,-0.512,-11.955,-3.674,252.727
22939,9.625,-5.180,7.569,0.116,0.050,0.945,0.148,0.293,-0.514,-6.992,3.007,251.840
23062,4.436,-9.021,-0.175,-0.012,0.010,1.153,0.134,0.297,-0.514,0.594,0.491,254.250
23178,6.046,-6.073,0.026,-0.139,0.023,1.042,0.119,0.300,-0.515,7.597,1.237,256.973
23297,18.874,5.443,-1.330,-0.061,-0.154,0.981,0.120,0.303,-0.517,3.527,-8.900,256.989
23415,2.844,11.323,6.965,-0.142,-0.093,1.031,0.124,0.308,-0.513,7.788,-5.154,256.671
23532,3.456,16.791,1.225,-0.117,-0.003,1.066,0.143,0.298,-0.516,6.285,-0.141,252.960
23651,13.177,6.519,-6.563,-0.225,0.028,0.824,0.141,0.295,-0.507,15.251,1.950,253.089
23771,-9.109,-16.362,-6.099,-0.216,0.014,0.898,0.127,0.292,-0.509,13.510,0.883,255.104
23889,10.097,9.573,-3.027,-0.107,-0.188,1.060,0.110,0.292,-0.503,5.650,-10.060,257.891
24008,-8.024,3.132,-12.285,0.081,-0.070,1.069,0.099,0.291,-0.510,-4.344,-3.771,259.691
24124,-3.412,12.512,5.005,-0.120,-0.088,1.042,0.085,0.277,-0.507,6.569,-4.839,261.457
24244,-8.321,0.105,17.063,-0.178,-0.065,1.138,0.102,0.267,-0.497,8.874,-3.270,257.551
24363,-0.936,6.055,14.516,-0.319,-0.159,0.895,0.109,0.266,-0.503,19.357,-10.080,256.353
24482,-17.833,10.211,8.811,0.040,0.074,0.968,0.116,0.254,-0.505,-2.379,4.369,253.917
24599,-7.508,-4.821,15.531,0.119,0.128,1.095,0.117,0.246,-0.518,-6.136,6.663,253.056
24716,10.719,-21.875,13.484,-0.259,-0.043,0.931,0.110,0.246,-0.512,15.514,-2.672,254.442
24834,-8.391,2.205,-0.403,-0.405,0.192,1.056,0.105,0.247,-0.515,20.670,10.297,255.429
24956,19.478,11.743,2.109,-0.251,-0.001,1.077,0.113,0.246,-0.509,13.121,-0.049,253.881
25075,12.443,-1.024,-1.523,-0.151,0.013,0.851,0.113,0.256,-0.510,10.059,0.900,254.719
25195,10.535,5.495,-6.151,0.025,-0.062,1.004,0.093,0.267,-0.497,-1.425,-3.538,259.329
25311,-0.157,2.319,-1.820,-0.040,-0.219,1.084,0.089,0.274,-0.495,2.062,-11.408,260.604
25427,-4.358,2.109,-1.759,-0.368,-0.109,0.939,0.086,0.270,-0.496,21.263,-6.609,260.995
25550,-5.722,1.374,10.150,-0.387,-0.124,1.044,0.097,0.259,-0.502,20.234,-6.765,258.054
25670,-8.610,20.606,22.173,-0.082,-0.124,0.835,0.103,0.263,-0.506,5.522,-8.477,257.079
25789,-11.086,6.965,24.448,-0.067,0.023,0.978,0.116,0.250,-0.511,3.926,1.350,253.823
25904,1.242,11.725,2.529,-0.068,0.212,0.906,0.136,0.235,-0.512,4.194,13.159,248.517
26023,6.195,16.476,-7.823,-0.176,0.145,1.148,0.141,0.240,-0.515,8.671,7.183,248.027
26145,20.737,-3.588,-18.086,-0.112,0.059,0.979,0.143,0.255,-0.505,6.490,3.464,249.366
26265,25.331,-9.100,-5.600,-0.117,-0.142,0.719,0.116,0.277,-0.498,9.060,-11.172,255.796
26381,16.091,-14.936,-11.786,-0.010,-0.234,1.098,0.101,0.294,-0.494,0.529,-12.043,259.606
26498,-10.028,-7.035,7.551,-0.308,-0.261,0.971,0.083,0.300,-0.491,17.007,-15.046,263.070
26616,-12.714,-8.068,22.654,-0.614,-0.291,0.948,0.066,0.290,-0.486,31.759,-17.084,265.802
26756,-8.269,-4.568,10.894,-0.304,-0.061,0.993,0.070,0.282,-0.496,16.982,-3.536,264.631
26874,-2.651,-26.679,13.309,-0.200,-0.117,0.778,0.059,0.280,-0.487,14.261,-8.530,266.720
26991,-7.997,5.898,-0.814,-0.488,0.060,1.048,0.050,0.273,-0.498,24.918,3.279,268.172
27108,-0.779,34.816,-7.726,-0.318,0.136,1.043,0.078,0.263,-0.505,16.816,7.404,262.100
27227,6.213,16.747,5.057,0.080,0.075,0.878,0.103,0.273,-0.504,-5.157,4.876,257.866
27355,8.627,-1.006,-8.208,-0.261,-0.149,0.738,0.099,0.273,-0.504,19.130,-11.430,258.658
27474,6.186,24.903,1.155,-0.057,-0.293,1.215,0.118,0.272,-0.499,2.600,-13.555,255.118
27594,-6.536,-6.440,12.136,-0.267,-0.093,0.965,0.123,0.262,-0.501,15.390,-5.501,253.416
27712,-11.323,3.631,5.320,-0.114,-0.105,0.857,0.117,0.263,-0.509,7.510,-7.000,254.626
27829,-2.888,22.584,0.499,0.262,0.060,1.098,0.127,0.246,-0.508,-13.421,3.148,251.354
27949,-5.241,14.744,11.261,-0.037,0.235,0.931,0.116,0.245,-0.513,2.227,14.151,253.152
28071,6.282,23.231,6.064,-0.285,0.007,1.517,0.130,0.249,-0.510,10.661,0.274,251.108
28190,9.765,-30.984,-14.630,-0.226,0.038,0.618,0.116,0.256,-0.508,20.031,3.553,254.214
28309,0.989,14.184,-1.409,-0.102,-0.080,0.938,0.099,0.258,-0.507,6.163,-4.879,257.657
28425,0.053,3.211,3.561,-0.108,-0.197,1.233,0.099,0.261,-0.505,4.943,-9.086,257.866
28545,-7.989,4.270,14.499,-0.313,-0.161,0.809,0.109,0.264,-0.506,20.758,-11.248,256.178
28666,-2.047,8.759,23.083,-0.048,-0.068,1.005,0.115,0.254,-0.512,2.736,-3.859,254.238
28785,-3.544,-5.854,11.795,-0.059,0.039,0.879,0.123,0.250,-0.516,3.828,2.515,252.466
28902,4.506,-2.004,8.365,-0.284,0.099,1.047,0.126,0.248,-0.508,15.113,5.416,251.666
29019,12.416,15.969,-21.131,-0.083,0.087,1.167,0.148,0.252,-0.513,4.080,4.264,248.045
29136,10.868,-17.876,-13.212,-0.000,0.045,0.612,0.132,0.260,-0.510,0.046,4.248,251.682
29259,7.823,14.744,-11.419,-0.226,-0.225,1.314,0.121,0.270,-0.500,9.629,-9.702,254.493
29378,-0.245,-4.515,16.056,-0.442,-0.212,0.933,0.114,0.277,-0.499,24.787,-12.804,256.267
29498,-6.528,10.570,13.501,-0.237,-0.165,0.906,0.121,0.273,-0.493,14.399,-10.332,254.765
29614,-6.834,1.855,21.648,0.165,0.144,1.096,0.132,0.256,-0.501,-8.501,7.485,251.380
29730,-3.579,-2.503,6.195,-0.183,0.098,0.877,0.122,0.252,-0.495,11.688,6.381,252.810
29853,9.231,7.350,-0.087,-0.226,0.002,1.166,0.138,0.251,-0.497,10.971,0.120,249.732
29969,4.392,-8.382,-8.960,-0.105,0.078,0.716,0.124,0.256,-0.496,8.324,6.186,252.810
30086,13.956,0.735,-7.901,0.042,-0.169,0.884,0.121,0.263,-0.493,-2.654,-10.816,253.871
30205,4.323,11.655,4.463,-0.162,-0.203,1.175,0.119,0.274,-0.492,7.730,-9.783,255.086
30324,-4.392,1.829,12.381,-0.347,-0.244,0.828,0.127,0.271,-0.490,21.878,-16.393,253.455
30446,-13.387,14.507,28.122,0.008,0.006,1.117,0.143,0.256,-0.501,-0.391,0.329,249.387
30562,-6.606,-13.431,2.398,-0.062,0.111,0.836,0.156,0.252,-0.501,4.223,7.588,246.916
30682,9.905,17.115,-5.609,-0.185,0.112,1.246,0.157,0.248,-0.506,8.399,5.112,246.291
30801,4.200,-5.372,-10.981,-0.394,0.142,0.826,0.144,0.251,-0.499,25.171,9.784,248.797
30919,7.481,-7.875,-9.441,-0.016,-0.104,0.979,0.144,0.256,-0.493,0.905,-6.068,249.234
31035,0.271,-11.366,-5.836,-0.418,-0.243,1.117,0.132,0.267,-0.486,20.101,-12.263,252.232
31155,-6.256,5.460,6.974,-0.240,-0.190,1.079,0.120,0.266,-0.485,12.336,-9.978,254.227
31273,-6.860,4.611,10.815,-0.083,-0.082,0.843,0.110,0.269,-0.488,5.613,-5.557,256.410
31393,-10.710,-2.660,18.034,-0.081,0.145,0.967,0.104,0.263,-0.494,4.739,8.498,257.068
31513,8.724,12.136,9.677,-0.261,0.087,1.100,0.108,0.287,-0.505,13.296,4.530,257.929
31632,0.779,-2.747,-9.634,-0.093,0.040,0.782,0.109,0.306,-0.511,6.765,2.956,258.928
31751,4.961,5.294,-6.816,-0.292,-0.130,0.874,0.110,0.318,-0.518,18.298,-8.472,259.421
31867,-0.079,-2.231,-2.861,-0.023,-0.165,1.051,0.134,0.311,-0.509,1.248,-8.912,255.344
31987,-3.736,11.217,12.845,-0.281,-0.038,0.881,0.142,0.291,-0.520,17.642,-2.477,252.492
32106,-1.601,6.773,5.574,-0.177,-0.001,1.083,0.156,0.282,-0.512,9.302,-0.074,249.651
32223,2.126,2.398,3.010,-0.284,-0.055,0.911,0.152,0.274,-0.516,17.251,-3.447,249.588
32345,3.719,5.075,10.176,-0.215,0.011,0.971,0.151,0.264,-0.503,12.478,0.651,248.865
32464,5.644,-6.247,3.220,-0.338,-0.058,0.907,0.151,0.267,-0.502,20.378,-3.671,248.971
32583,-0.464,-1.216,-0.481,-0.192,0.001,0.908,0.152,0.270,-0.502,11.935,0.035,249.108
32699,1.697,-9.363,4.253,-0.381,0.004,0.927,0.152,0.267,-0.505,22.321,0.219,248.942
32819,-1.041,0.210,3.570,-0.448,-0.009,0.827,0.150,0.266,-0.502,28.428,-0.651,249.079
32942,3.876,4.287,-1.199,-0.282,-0.033,0.935,0.155,0.268,-0.499,16.792,-2.029,248.572
33060,2.450,-2.310,0.236,-0.290,-0.069,0.963,0.157,0.269,-0.500,16.737,-4.078,248.324
33177,-1.138,11.935,5.889,-0.396,0.000,0.934,0.153,0.265,-0.496,22.977,0.004,248.618
33293,-0.928,9.231,4.401,-0.360,-0.031,0.979,0.157,0.266,-0.495,20.151,-1.805,248.066
33412,3.132,-3.071,4.454,-0.401,-0.029,1.010,0.156,0.260,-0.498,21.652,-1.640,247.562
33531,0.656,3.342,2.065,-0.340,-0.060,0.944,0.150,0.266,-0.501,19.774,-3.660,249.232
33654,-0.464,8.050,6.860,-0.248,-0.004,0.996,0.153,0.268,-0.497,13.993,-0.232,248.864
33773,-0.166,2.529,1.365,-0.344,0.030,0.971,0.157,0.268,-0.491,19.507,1.741,248.139
33890,2.424,2.476,-10.369,-0.456,-0.010,0.928,0.140,0.265,-0.493,26.180,-0.614,250.688
34010,0.507,-4.086,-4.830,-0.275,0.003,0.953,0.143,0.262,-0.489,16.108,0.180,249.888
34128,1.531,-1.365,-10.045,-0.372,-0.039,0.964,0.131,0.269,-0.494,21.079,-2.341,252.590
34248,2.695,1.619,-10.736,-0.322,0.000,0.979,0.120,0.270,-0.491,18.197,0.007,254.686
34367,7.035,-1.444,-7.560,-0.309,-0.044,0.987,0.108,0.271,-0.487,17.394,-2.545,256.911
34486,2.450,4.611,-8.155,-0.336,-0.053,0.968,0.111,0.275,-0.491,19.111,-3.113,256.608
34603,2.249,7.245,-7.630,-0.235,-0.055,0.960,0.099,0.272,-0.485,13.723,-3.300,258.504
34722,-1.225,-1.873,3.080,-0.301,-0.062,0.926,0.095,0.275,-0.490,17.969,-3.816,259.631
34845,-3.719,-3.622,0.096,-0.252,-0.083,0.988,0.096,0.276,-0.497,14.259,-4.826,259.468
34961,-0.534,0.210,2.940,-0.197,-0.020,0.994,0.089,0.267,-0.494,11.204,-1.181,260.118
35080,1.715,10.990,14.971,-0.081,0.020,1.001,0.097,0.270,-0.492,4.622,1.138,258.759
35198,2.896,-8.278,9.222,-0.222,-0.094,0.954,0.106,0.272,-0.501,13.037,-5.614,257.335
35315,3.246,9.047,8.251,-0.155,0.056,1.080,0.103,0.268,-0.495,8.134,2.993,257.516
35437,2.564,8.470,17.063,-0.017,-0.062,1.024,0.109,0.271,-0.491,0.971,-3.470,256.712
35553,0.744,7.770,5.040,-0.080,-0.033,0.949,0.125,0.277,-0.489,4.841,-2.011,254.234
35673,-3.622,7.901,14.455,0.063,0.012,1.002,0.126,0.276,-0.487,-3.611,0.701,254.016
35788,8.094,-3.622,-0.472,0.014,-0.035,0.832,0.124,0.274,-0.495,-0.949,-2.411,254.246
35907,7.726,-9.021,8.172,-0.143,-0.079,1.047,0.118,0.277,-0.496,7.730,-4.331,255.563
36026,-1.129,5.836,-5.093,-0.024,-0.027,1.020,0.114,0.276,-0.486,1.373,-1.531,256.121
36148,4.847,-18.112,4.742,-0.104,-0.106,0.996,0.108,0.277,-0.488,5.916,-6.081,257.300
36268,8.531,7.779,3.622,0.215,-0.284,1.035,0.108,0.282,-0.492,-11.338,-15.360,257.623
36387,8.234,-4.742,18.917,-0.048,0.070,1.001,0.103,0.278,-0.495,2.741,4.000,258.262
36505,15.050,4.025,39.900,-0.075,-0.241,0.970,0.106,0.299,-0.484,4.266,-13.954,259.042
36621,2.642,1.706,35.394,0.025,-0.229,1.014,0.130,0.309,-0.483,-1.392,-12.703,255.727
36741,4.839,4.952,26.574,-0.149,-0.072,0.899,0.144,0.309,-0.491,9.386,-4.599,253.582
36859,5.346,-3.080,31.964,-0.278,-0.249,0.957,0.158,0.314,-0.477,15.727,-14.573,251.831
36979,0.534,-1.155,11.480,-0.179,-0.150,0.846,0.176,0.322,-0.473,11.767,-10.070,249.992
37099,-4.725,1.409,6.921,0.044,-0.090,0.935,0.183,0.319,-0.478,-2.700,-5.484,248.646
37214,10.684,-17.903,2.957,-0.060,-0.049,1.043,0.177,0.325,-0.480,3.274,-2.683,249.968
37337,-19.548,-22.566,-4.480,-0.039,-0.089,1.014,0.169,0.328,-0.479,2.199,-5.042,251.315
37453,-0.691,20.475,-24.176,0.088,-0.114,0.961,0.152,0.322,-0.489,-5.215,-6.747,253.355
37573,2.047,-11.830,-18.148,-0.027,-0.054,1.089,0.148,0.307,-0.492,1.404,-2.847,252.878
37688,-0.936,2.922,-17.833,-0.235,0.020,0.966,0.126,0.301,-0.494,13.663,1.200,255.814
37808,7.849,2.310,-5.845,-0.298,-0.043,1.039,0.125,0.301,-0.491,15.984,-2.351,256.025
37929,7.359,5.460,-23.651,-0.264,-0.050,0.875,0.113,0.305,-0.484,16.770,-3.261,258.272
38049,2.879,18.261,-11.288,-0.083,-0.336,0.990,0.112,0.307,-0.483,4.519,-18.748,258.582
38165,-2.861,-0.814,1.295,-0.017,-0.179,0.978,0.123,0.299,-0.489,0.959,-10.366,256.134
38282,6.125,18.603,-3.281,-0.154,-0.097,0.928,0.129,0.289,-0.484,9.397,-5.980,254.571
38397,-6.073,-23.406,0.788,-0.251,-0.213,1.048,0.128,0.281,-0.484,13.220,-11.474,254.061
38520,-5.023,2.783,8.645,-0.205,-0.148,0.811,0.113,0.259,-0.489,13.948,-10.326,254.983
38640,-6.449,16.362,22.435,0.140,-0.030,1.151,0.119,0.250,-0.485,-6.932,-1.515,253.103
38758,-0.892,-16.371,2.406,-0.020,0.096,0.861,0.117,0.239,-0.493,1.307,6.362,252.608
38874,1.706,2.818,1.592,-0.127,-0.052,1.078,0.107,0.246,-0.494,6.699,-2.775,255.122
38993,8.575,19.854,-1.278,-0.212,0.143,1.069,0.105,0.256,-0.493,11.126,7.609,256.386
39112,16.459,1.732,-12.731,-0.093,0.064,0.794,0.090,0.271,-0.488,6.681,4.640,260.243
39235,7.114,-6.046,-20.151,-0.033,-0.123,0.833,0.065,0.302,-0.483,2.252,-8.382,266.511
39352,5.766,-1.977,-13.589,-0.198,-0.249,1.073,0.041,0.324,-0.495,10.199,-13.078,271.440
39471,-3.876,-2.634,5.399,-0.411,-0.147,0.935,0.036,0.344,-0.490,23.484,-8.932,272.685
39589,-5.434,-2.179,24.413,-0.365,-0.126,0.921,0.063,0.342,-0.505,21.446,-7.817,268.106
39725,-8.041,-7.044,40.985,-0.165,-0.067,1.048,0.083,0.334,-0.510,8.927,-3.640,264.657
39847,-13.002,12.722,12.101,-0.204,0.065,0.830,0.101,0.314,-0.521,13.757,4.452,260.815
39966,11.944,24.850,-1.610,0.099,0.149,1.340,0.133,0.296,-0.522,-4.214,6.353,254.339
40081,10.789,28.726,-4.016,-0.427,0.142,0.895,0.141,0.285,-0.520,25.244,8.993,252.364
40201,9.170,13.554,-12.171,-0.230,0.003,1.008,0.142,0.285,-0.505,12.849,0.194,252.071
40320,7.936,-19.241,-14.000,0.034,-0.078,0.740,0.136,0.285,-0.499,-2.605,-6.042,253.161
40454,-5.548,7.481,-13.860,-0.142,-0.221,1.229,0.106,0.292,-0.492,6.494,-10.172,258.579
40576,-5.565,11.454,13.632,-0.437,-0.146,0.944,0.106,0.287,-0.499,24.557,-8.811,258.220
40704,-13.615,4.952,22.628,-0.180,-0.162,0.759,0.114,0.270,-0.504,13.038,-12.032,255.748
40825,-8.356,-3.404,22.654,0.088,0.025,0.969,0.122,0.249,-0.515,-5.173,1.458,252.403
40943,0.892,2.047,6.003,-0.063,0.263,1.075,0.127,0.235,-0.523,3.251,13.730,250.171
41069,3.010,10.211,7.464,-0.435,0.269,1.113,0.130,0.242,-0.523,20.790,13.581,250.435
41190,22.295,4.419,-13.011,0.018,0.086,0.802,0.141,0.253,-0.520,-1.270,6.103,249.453
41309,3.824,-13.090,-8.409,0.073,-0.216,0.785,0.129,0.275,-0.502,-5.111,-15.391,253.362
41431,9.188,-0.858,-16.424,-0.239,-0.261,1.266,0.110,0.280,-0.505,10.481,-11.658,257.121
41552,-10.150,9.257,14.017,-0.380,-0.273,0.993,0.110,0.276,-0.509,20.277,-15.390,256.794
41677,-8.864,9.450,26.950,-0.223,-0.085,0.759,0.118,0.263,-0.508,16.270,-6.385,254.527
41796,-5.871,-1.523,22.636,-0.042,-0.065,0.927,0.131,0.256,-0.509,2.586,-4.001,251.442
41914,6.361,4.620,10.273,-0.358,0.190,1.081,0.124,0.247,-0.515,18.084,9.957,251.924
42032,9.091,6.344,-9.222,-0.210,0.212,1.073,0.140,0.247,-0.510,10.857,11.191,249.028
42153,21.087,-18.104,-13.510,-0.002,-0.020,0.688,0.131,0.261,-0.499,0.157,-1.625,252.027
42275,13.991,-3.483,-16.765,-0.133,-0.212,1.060,0.109,0.276,-0.488,7.030,-11.286,257.019
42400,8.295,8.400,-0.647,-0.434,-0.356,1.126,0.108,0.287,-0.489,20.199,-17.555,257.914
42522,-11.113,-1.540,27.046,-0.052,-0.092,0.690,0.126,0.282,-0.492,4.284,-7.592,254.493
42643,-7.543,-23.573,19.696,0.014,0.014,0.948,0.129,0.270,-0.488,-0.859,0.856,253.071
42762,-0.490,36.120,8.680,-0.022,0.113,1.257,0.116,0.258,-0.501,1.000,5.119,254.488
42883,0.350,5.836,-9.257,0.087,0.027,1.194,0.136,0.261,-0.495,-4.164,1.281,251.137
43004,12.381,-14.455,-19.618,-0.149,-0.013,0.475,0.101,0.261,-0.498,17.410,-1.611,257.374
43126,12.127,14.980,-16.923,0.112,-0.242,1.194,0.099,0.276,-0.499,-5.234,-11.434,258.934
43244,-6.090,17.167,4.673,-0.453,-0.138,0.937,0.097,0.275,-0.500,25.528,-8.395,259.146
43363,-10.342,24.351,-1.138,-0.168,-0.078,0.955,0.115,0.270,-0.504,9.973,-4.685,255.536
43485,7.560,-5.827,15.750,-0.027,-0.050,0.953,0.116,0.264,-0.506,1.644,-3.016,254.809
43610,-0.289,8.873,11.585,-0.224,0.076,1.096,0.115,0.273,-0.507,11.532,3.956,255.683
43731,-3.115,2.774,13.983,-0.068,-0.025,1.079,0.124,0.278,-0.499,3.623,-1.328,254.444
43852,11.953,6.213,0.254,-0.154,-0.028,0.650,0.121,0.277,-0.501,13.286,-2.441,254.928
43974,7.122,-4.524,-6.239,0.008,-0.086,1.129,0.131,0.277,-0.498,-0.398,-4.380,253.246
44096,3.229,10.797,11.655,-0.321,-0.276,1.071,0.125,0.287,-0.492,16.201,-14.461,255.119
44220,-1.592,-5.626,13.440,-0.198,-0.117,0.707,0.129,0.280,-0.492,15.417,-9.422,253.828
44339,1.033,-12.793,18.900,-0.041,-0.078,0.975,0.140,0.280,-0.489,2.389,-4.557,252.061
44461,5.119,16.441,7.017,-0.326,0.079,1.119,0.133,0.278,-0.488,16.226,4.057,253.028
44582,5.784,-9.993,-15.059,-0.129,0.040,0.977,0.136,0.287,-0.484,7.517,2.364,253.269
44703,7.499,-3.106,-22.321,0.006,-0.162,0.745,0.102,0.303,-0.487,-0.472,-12.283,259.939
44826,3.465,-4.296,-8.592,-0.167,-0.259,1.182,0.081,0.333,-0.501,7.881,-12.381,264.895
44944,-10.833,24.780,-6.921,-0.199,-0.229,0.983,0.108,0.342,-0.513,11.136,-13.117,261.149
45062,-10.071,-1.129,25.462,-0.026,-0.021,0.730,0.147,0.319,-0.516,2.004,-1.622,253.803
45179,-4.489,0.665,23.170,-0.158,0.087,1.082,0.164,0.278,-0.507,8.306,4.599,248.080
45300,0.569,14.131,13.108,-0.240,0.055,1.037,0.165,0.260,-0.492,12.994,3.056,246.277
45426,9.599,15.269,-11.340,-0.071,-0.059,0.884,0.154,0.246,-0.475,4.584,-3.843,246.575
45548,-0.822,-9.126,-12.075,-0.338,-0.200,0.921,0.136,0.257,-0.476,19.704,-12.240,250.757
45667,-10.430,11.252,6.816,-0.207,-0.005,1.271,0.129,0.265,-0.482,9.251,-0.225,252.673
45789,2.371,-3.063,6.186,-0.210,0.001,0.938,0.122,0.264,-0.496,12.603,0.071,253.743
45911,3.281,4.034,10.596,-0.150,-0.054,1.086,0.128,0.274,-0.501,7.856,-2.823,253.640
46032,7.341,-3.684,-0.385,-0.450,-0.072,0.922,0.125,0.281,-0.491,25.958,-4.485,254.615
46156,-0.866,7.796,3.780,-0.460,-0.092,0.966,0.128,0.279,-0.497,25.370,-5.452,254.015
46278,0.998,21.192,-5.434,-0.259,-0.087,1.043,0.127,0.284,-0.494,13.889,-4.756,254.499
46400,0.123,3.299,3.719,-0.399,-0.057,0.942,0.130,0.285,-0.502,22.910,-3.439,254.134
46519,1.820,-0.613,18.664,-0.470,-0.076,0.886,0.127,0.283,-0.500,27.854,-4.936,254.455
46640,-2.301,-0.490,1.934,-0.612,-0.059,0.891,0.136,0.281,-0.497,34.408,-3.792,252.728
46761,4.016,3.999,-0.971,-0.437,-0.053,0.938,0.132,0.282,-0.495,24.931,-3.244,253.504
46883,1.418,6.282,-1.059,-0.342,-0.042,0.921,0.132,0.280,-0.495,20.364,-2.628,253.369
47005,0.464,9.389,-2.328,-0.405,-0.070,0.987,0.131,0.290,-0.502,22.244,-4.033,254.338
47123,-3.421,9.065,6.895,-0.364,-0.013,0.956,0.134,0.290,-0.497,20.868,-0.768,253.766
47242,4.480,5.976,4.585,-0.384,-0.069,0.903,0.143,0.287,-0.501,22.988,-4.393,252.115
47368,2.371,-4.340,10.841,-0.429,-0.049,0.933,0.145,0.297,-0.504,24.675,-3.031,252.644
47486,2.914,3.421,7.131,-0.371,-0.058,1.000,0.154,0.291,-0.498,20.348,-3.345,250.774
47607,1.601,-3.185,-2.354,-0.325,-0.038,0.932,0.151,0.297,-0.498,19.235,-2.339,251.541
47725,5.031,2.362,-7.639,-0.401,-0.042,0.974,0.146,0.297,-0.493,22.375,-2.485,252.416
47843,-2.109,0.140,-6.536,-0.300,-0.104,0.965,0.141,0.304,-0.489,17.172,-6.165,253.760
47966,4.988,8.881,-7.420,-0.151,-0.109,1.014,0.144,0.303,-0.497,8.403,-6.130,253.105
48083,-0.131,-1.741,-7.332,-0.277,-0.050,0.900,0.132,0.304,-0.495,17.093,-3.204,255.073
48204,-1.680,-3.325,-0.070,-0.346,-0.073,0.977,0.129,0.303,-0.498,19.443,-4.261,255.580
48323,-5.950,17.097,-2.616,-0.136,-0.067,0.950,0.134,0.299,-0.496,8.125,-4.044,254.436
48442,-4.751,-5.154,0.026,-0.199,-0.058,0.957,0.128,0.294,-0.503,11.734,-3.462,255.024
48564,-5.731,3.027,-4.025,0.026,-0.098,1.035,0.128,0.289,-0.498,-1.445,-5.386,254.687
48683,-8.741,1.619,2.476,-0.142,0.092,0.977,0.119,0.273,-0.505,8.216,5.387,255.085
48803,8.111,11.323,3.789,-0.019,-0.014,0.986,0.129,0.272,-0.511,1.127,-0.816,253.206
48925,1.951,2.713,9.564,-0.101,-0.003,0.967,0.138,0.276,-0.504,5.970,-0.174,252.108
49043,-1.575,-2.336,6.633,-0.126,0.037,1.010,0.135,0.278,-0.514,7.085,2.106,252.724
49162,1.934,3.754,4.839,-0.082,-0.003,0.975,0.137,0.273,-0.507,4.820,-0.176,251.897
49287,2.433,-1.575,10.544,-0.073,-0.008,0.998,0.144,0.280,-0.504,4.208,-0.438,251.457
49404,2.284,2.433,7.936,-0.070,-0.035,0.986,0.139,0.278,-0.511,4.072,-2.052,252.003
49523,0.289,0.184,8.155,-0.070,-0.029,1.005,0.144,0.278,-0.513,3.992,-1.676,251.086
49645,7.551,10.036,10.929,0.029,0.008,0.993,0.151,0.277,-0.508,-1.699,0.482,249.976
49764,-0.306,1.977,9.144,0.154,-0.070,0.980,0.157,0.276,-0.516,-8.917,-4.114,248.989
49890,4.506,1.129,6.037,0.201,0.059,0.964,0.160,0.273,-0.512,-11.778,3.526,248.198
50009,11.445,1.295,-0.928,0.079,0.033,1.059,0.152,0.286,-0.504,-4.272,1.794,250.588
50129,3.701,-24.798,-6.720,-0.016,-0.086,1.065,0.149,0.296,-0.504,0.877,-4.608,251.950
50248,-5.276,-4.585,1.549,0.104,-0.076,1.104,0.136,0.300,-0.501,-5.384,-3.912,254.281
50366,0.534,-12.959,19.434,-0.113,-0.315,0.977,0.135,0.297,-0.505,6.293,-17.885,254.173
50488,-9.293,-15.374,14.551,0.027,0.031,1.083,0.125,0.286,-0.504,-1.428,1.616,254.983
50610,-10.789,2.074,15.234,0.052,0.039,1.007,0.136,0.286,-0.509,-2.975,2.226,253.114
50727,5.381,-6.571,2.126,-0.047,-0.219,1.210,0.136,0.281,-0.506,2.167,-10.236,252.726
50846,-5.101,7.823,18.603,0.209,-0.108,1.071,0.152,0.280,-0.508,-10.989,-5.751,250.120
50967,0.341,-2.074,1.732,-0.111,-0.138,0.973,0.151,0.273,-0.506,6.416,-8.098,249.578
51086,1.873,-21.228,13.212,-0.294,-0.018,0.796,0.143,0.261,-0.504,20.272,-1.300,249.965
51208,-12.425,-7.254,16.319,0.208,0.063,1.221,0.142,0.256,-0.513,-9.663,2.932,249.576
51326,14.656,-19.381,11.217,-0.040,-0.011,0.953,0.119,0.258,-0.506,2.391,-0.635,253.872
51444,3.500,-18.112,-5.959,-0.074,0.103,0.955,0.104,0.258,-0.504,4.423,6.128,256.623
51566,20.790,-9.730,-5.198,-0.262,-0.222,0.973,0.080,0.265,-0.504,14.697,-12.876,261.759
51684,-6.178,-6.843,-9.852,-0.392,-0.009,0.937,0.069,0.263,-0.502,22.716,-0.549,263.878
51810,7.166,20.781,-15.313,-0.598,0.092,0.983,0.069,0.253,-0.499,31.206,5.327,263.371
51932,6.274,-4.077,-14.753,-0.822,0.160,0.673,0.076,0.246,-0.499,49.893,13.407,261.484
52054,-1.969,-11.506,-16.039,0.216,-0.094,1.206,0.081,0.244,-0.502,-10.143,-4.475,260.145
52175,-9.100,-49.376,-7.096,-0.403,0.122,0.554,0.070,0.239,-0.496,35.360,12.439,262.325
52297,1.347,0.157,-10.456,-0.151,-0.122,1.459,0.055,0.244,-0.493,5.894,-4.798,265.968
52422,8.453,-9.074,8.146,0.042,-0.126,1.154,0.054,0.252,-0.483,-2.080,-6.223,266.537
52541,2.301,42.691,18.987,-0.061,-0.143,0.871,0.048,0.263,-0.485,3.928,-9.320,268.283
52663,-13.186,-12.066,12.600,-0.235,0.172,0.892,0.060,0.271,-0.500,14.486,10.909,266.029
52785,-12.539,0.534,19.539,0.318,-0.063,1.313,0.064,0.275,-0.504,-13.585,-2.767,265.583
52907,7.726,-7.945,19.626,-0.222,0.102,0.842,0.068,0.271,-0.512,14.680,6.889,264.418
53045,0.368,-6.545,23.660,-0.410,0.154,1.111,0.086,0.278,-0.507,20.093,7.867,261.339
53167,13.878,11.016,9.371,-0.316,0.029,1.166,0.094,0.290,-0.503,15.172,1.435,260.645
53288,21.149,18.576,-26.486,-0.090,0.040,0.665,0.102,0.304,-0.497,7.724,3.450,260.121
53409,7.341,3.658,-7.936,0.014,-0.162,0.967,0.097,0.308,-0.488,-0.820,-9.537,261.103
53528,11.270,2.459,-18.314,-0.019,-0.375,1.169,0.094,0.311,-0.490,0.894,-17.792,261.784
53649,-6.484,17.334,7.814,-0.395,-0.107,0.884,0.092,0.301,-0.495,23.926,-6.891,261.588
53767,-3.981,1.715,14.875,-0.461,0.023,0.876,0.109,0.285,-0.499,27.740,1.505,257.661
53885,0.105,5.994,35.910,-0.091,-0.085,0.953,0.123,0.286,-0.502,5.410,-5.086,255.243
54007,-10.929,-1.181,23.249,0.181,-0.032,1.121,0.139,0.283,-0.504,-9.158,-1.640,252.379
54129,7.840,-3.229,8.444,-0.279,0.122,1.169,0.127,0.276,-0.508,13.360,5.969,253.893
54250,11.078,23.870,-9.161,-0.305,0.143,1.034,0.151,0.290,-0.502,16.263,7.853,250.961
54381,22.138,-3.911,-25.340,-0.052,0.029,0.776,0.144,0.307,-0.495,3.818,2.173,253.413
54500,-1.873,-5.793,-12.591,0.045,-0.120,0.937,0.128,0.318,-0.484,-2.737,-7.282,256.626
54622,-1.584,-3.404,-16.695,-0.142,-0.186,1.050,0.122,0.316,-0.487,7.609,-10.068,257.539
54739,-4.235,19.267,20.274,-0.274,-0.137,1.144,0.125,0.302,-0.480,13.390,-6.851,256.064
54861,-11.611,4.253,16.188,-0.264,-0.166,0.789,0.143,0.279,-0.476,18.110,-11.907,251.443
54986,-7.858,1.435,28.000,-0.027,0.012,0.893,0.143,0.256,-0.479,1.730,0.756,249.467
55108,-1.925,-16.004,14.297,-0.246,0.178,1.000,0.138,0.243,-0.490,13.598,10.074,249.052
55227,6.160,26.521,-5.635,-0.334,0.214,1.197,0.137,0.256,-0.489,15.348,10.144,250.397
55345,17.299,-3.920,-13.116,-0.148,-0.017,0.764,0.132,0.277,-0.487,10.978,-1.281,253.124
55463,13.186,8.391,-16.958,-0.037,-0.240,0.911,0.110,0.299,-0.482,2.224,-14.762,258.392
55587,-3.054,11.760,1.295,0.009,-0.288,1.268,0.112,0.309,-0.474,-0.379,-12.797,258.695
55709,-6.624,28.551,-0.831,-0.138,-0.205,0.941,0.124,0.302,-0.471,8.141,-12.315,256.281
55830,-14.490,9.634,14.814,-0.186,-0.069,0.751,0.124,0.286,-0.473,13.849,-5.213,255.135
55949,-7.289,-9.091,32.139,0.041,-0.015,0.978,0.133,0.280,-0.469,-2.422,-0.861,253.102
56070,0.674,2.896,23.765,-0.302,0.176,1.129,0.139,0.278,-0.485,14.829,8.879,252.061
56195,12.241,4.060,-8.837,-0.136,0.104,1.100,0.156,0.282,-0.484,6.991,5.425,249.666
56316,17.378,2.590,-18.786,0.097,-0.119,0.754,0.148,0.291,-0.485,-7.250,-8.947,251.620
56438,9.520,-6.020,-23.083,-0.041,-0.275,1.026,0.137,0.285,-0.480,2.190,-14.998,252.877
56560,1.977,10.299,6.239,-0.330,-0.360,1.069,0.130,0.278,-0.480,16.287,-18.586,253.558
56681,-13.038,1.846,17.605,-0.224,-0.008,0.806,0.131,0.254,-0.489,15.502,-0.533,251.251
56803,-6.151,10.561,21.761,0.043,0.054,1.122,0.122,0.245,-0.497,-2.192,2.766,252.093
56924,-2.039,3.063,7.131,-0.274,0.211,1.028,0.118,0.263,-0.496,14.660,11.593,254.422
57046,10.159,37.791,-14.035,0.561,0.052,1.422,0.132,0.277,-0.502,-21.513,2.111,253.078
57166,14.131,-41.510,-0.464,-0.419,-0.038,0.451,0.108,0.299,-0.504,42.796,-4.773,258.741
57288,25.987,19.976,-17.544,0.057,-0.363,1.054,0.117,0.307,-0.495,-2.907,-19.033,257.721
57411,-11.025,6.729,11.130,-0.422,-0.227,1.184,0.128,0.306,-0.493,19.276,-10.842,255.873
57529,-15.111,-4.594,18.594,-0.109,-0.097,0.666,0.140,0.281,-0.499,9.190,-8.292,252.015
57650,-6.991,-9.021,26.381,-0.251,-0.001,0.929,0.135,0.261,-0.505,15.147,-0.087,251.295
57768,2.660,24.220,2.835,0.089,0.011,1.179,0.152,0.250,-0.510,-4.318,0.522,247.273
57889,4.568,-6.160,-5.521,-0.251,0.231,0.694,0.157,0.253,-0.503,18.965,18.449,246.655
58011,7.796,4.506,-5.119,0.118,-0.101,1.202,0.143,0.267,-0.504,-5.580,-4.812,250.476
58136,2.485,2.791,-12.355,-0.171,-0.179,0.904,0.139,0.274,-0.497,10.514,-11.194,251.700
58255,0.840,17.972,6.904,-0.213,-0.189,1.124,0.144,0.269,-0.500,10.595,-9.566,250.372
58373,-8.969,-5.504,12.276,-0.077,-0.077,0.813,0.161,0.263,-0.504,5.413,-5.403,247.157
58494,-3.281,-10.701,11.314,-0.278,-0.038,0.814,0.147,0.259,-0.506,18.864,-2.681,248.892
58615,-3.194,9.214,10.421,-0.238,0.150,1.247,0.146,0.259,-0.509,10.718,6.869,249.136
58737,14.516,1.794,-1.129,-0.168,0.003,0.926,0.157,0.263,-0.508,10.250,0.181,247.845
58855,9.371,-1.418,-5.915,-0.054,-0.120,0.907,0.149,0.271,-0.505,3.368,-7.528,249.779
58977,9.222,-0.044,-15.566,-0.072,-0.229,1.013,0.140,0.278,-0.496,3.961,-12.733,251.819
59099,-6.729,-0.752,9.870,-0.100,-0.046,0.925,0.137,0.274,-0.499,6.137,-2.847,252.003
59220,-2.809,1.470,11.865,-0.296,-0.085,1.001,0.135,0.268,-0.498,16.401,-4.856,251.871
59345,-2.608,8.829,9.144,-0.137,0.028,0.978,0.137,0.263,-0.507,7.956,1.665,251.071
59467,1.374,2.642,6.352,-0.400,-0.076,0.784,0.143,0.260,-0.500,26.892,-5.541,249.730
59589,4.419,24.413,10.500,-0.277,-0.097,1.151,0.154,0.266,-0.497,13.476,-4.825,248.566
59710,-2.520,19.871,5.582,-0.099,0.026,1.063,0.149,0.273,-0.496,5.295,1.426,250.044
59829,3.693,14.735,4.077,-0.344,-0.060,0.957,0.146,0.280,-0.493,19.741,-3.579,251.061
59953,2.861,0.035,-4.952,-0.377,-0.048,0.905,0.151,0.283,-0.487,22.605,-3.009,250.572
60075,-1.514,10.001,-5.311,-0.427,-0.023,0.866,0.157,0.284,-0.485,26.212,-1.505,249.590
60195,-2.747,16.441,-3.334,-0.267,-0.071,0.962,0.174,0.283,-0.488,15.466,-4.201,246.979
60317,-4.191,-2.188,0.472,-0.385,-0.003,0.993,0.172,0.279,-0.479,21.216,-0.194,246.956
60435,3.605,2.205,5.416,-0.470,-0.073,0.992,0.166,0.271,-0.473,25.274,-4.190,247.097
60557,0.499,5.915,9.056,-0.351,-0.031,0.978,0.166,0.265,-0.479,19.731,-1.835,246.547
60678,-1.837,3.229,11.891,-0.401,-0.082,0.991,0.170,0.266,-0.480,21.942,-4.712,246.010
60800,-0.569,5.793,9.222,-0.414,-0.010,0.912,0.171,0.263,-0.480,24.409,-0.624,245.550
60920,-0.140,4.690,2.503,-0.349,-0.049,0.954,0.171,0.262,-0.478,20.094,-2.940,245.445
61042,5.539,-3.719,1.925,-0.282,-0.083,0.967,0.169,0.259,-0.479,16.193,-4.927,245.487
61163,1.347,1.278,7.691,-0.362,-0.078,0.942,0.168,0.264,-0.477,20.975,-4.707,246.111
61285,-1.908,-2.993,7.945,-0.458,-0.107,0.946,0.165,0.264,-0.486,25.712,-6.456,246.618
61407,-2.625,1.803,5.582,-0.343,-0.032,1.009,0.162,0.261,-0.487,18.743,-1.790,246.832
61529,-1.444,3.754,3.771,-0.388,-0.080,0.939,0.151,0.253,-0.494,22.357,-4.858,247.691
61650,4.156,-8.216,-1.846,-0.291,-0.091,0.962,0.153,0.258,-0.491,16.734,-5.424,247.813
61771,-0.166,-5.049,-6.064,-0.386,0.001,0.999,0.148,0.253,-0.492,21.140,0.031,248.329
61897,5.075,-3.771,-12.189,-0.197,-0.092,0.987,0.146,0.258,-0.495,11.245,-5.317,249.010
62019,5.154,10.675,9.625,-0.104,-0.006,0.965,0.145,0.258,-0.490,6.169,-0.359,249.252
62138,-2.100,6.650,7.508,-0.066,0.007,1.002,0.157,0.252,-0.489,3.786,0.405,246.741
62260,1.540,9.249,5.504,-0.094,0.027,0.996,0.158,0.248,-0.485,5.360,1.550,246.048
62382,-3.019,7.516,6.265,-0.044,-0.010,0.981,0.168,0.253,-0.494,2.596,-0.560,244.978
62507,2.231,-0.114,2.476,-0.064,0.009,0.983,0.165,0.245,-0.495,3.710,0.526,244.626
62628,3.710,1.610,2.030,-0.103,-0.023,0.968,0.163,0.249,-0.495,6.086,-1.350,245.316
62750,1.225,0.621,3.089,-0.086,-0.025,1.008,0.165,0.253,-0.489,4.847,-1.449,245.567
62872,1.680,0.324,7.709,-0.116,-0.032,0.965,0.162,0.255,-0.489,6.847,-1.901,246.141
62990,3.019,4.926,2.231,-0.097,-0.026,0.990,0.164,0.256,-0.488,5.593,-1.496,245.949
63113,3.964,-2.590,2.634,-0.104,-0.028,1.010,0.164,0.255,-0.496,5.869,-1.602,245.815
63235,-0.735,4.480,6.869,-0.049,-0.011,0.991,0.160,0.257,-0.496,2.825,-0.642,246.763
63356,1.015,4.043,4.821,0.154,-0.043,0.981,0.162,0.259,-0.496,-8.890,-2.521,246.538
63477,-4.813,-9.502,19.915,0.265,0.104,0.949,0.155,0.251,-0.493,-15.518,6.279,246.851
63599,8.155,-20.003,-6.073,-0.098,-0.115,1.001,0.123,0.267,-0.498,5.558,-6.547,253.832
63720,2.240,-12.880,-14.280,-0.296,-0.085,1.045,0.104,0.267,-0.492,15.749,-4.647,257.314
63842,9.144,7.306,-11.953,-0.084,-0.096,1.105,0.095,0.270,-0.493,4.317,-4.975,259.260
63964,-11.856,-7.455,21.228,-0.306,-0.203,0.889,0.085,0.271,-0.489,18.563,-12.848,261.201
64086,-15.313,13.676,26.355,-0.045,-0.099,1.075,0.097,0.263,-0.488,2.395,-5.273,258.302
64207,-3.395,17.316,11.051,-0.019,0.095,0.908,0.114,0.256,-0.493,1.194,5.970,254.559
64329,-0.271,17.535,18.874,-0.237,-0.069,1.048,0.113,0.260,-0.489,12.724,-3.745,255.125
64454,5.346,5.766,10.561,-0.152,-0.229,0.926,0.136,0.269,-0.503,9.041,-13.867,251.824
64572,4.891,4.900,11.209,-0.177,-0.147,0.921,0.145,0.267,-0.500,10.763,-9.044,250.088
64691,-7.079,1.750,5.355,0.034,-0.008,0.983,0.142,0.263,-0.494,-1.959,-0.477,250.143
64813,-13.387,-39.716,38.955,-0.094,0.136,0.946,0.129,0.264,-0.498,5.597,8.169,252.515
64934,4.261,2.476,-0.936,-0.284,0.030,0.982,0.122,0.263,-0.506,16.138,1.779,253.710
65060,8.785,6.405,-23.966,-0.193,0.009,0.955,0.116,0.273,-0.501,11.429,0.541,255.541
65178,10.526,2.818,-21.052,-0.202,-0.100,1.007,0.115,0.274,-0.505,11.297,-5.677,255.782
65296,11.217,0.989,-8.733,-0.355,0.011,1.090,0.113,0.279,-0.506,18.046,0.603,256.481
65414,0.131,5.267,-9.791,-0.203,-0.036,0.779,0.114,0.291,-0.493,14.582,-2.609,257.194
65532,7.525,-28.271,-17.824,0.202,-0.032,0.962,0.093,0.292,-0.492,-11.854,-1.922,260.922
65658,7.805,15.698,4.410,-0.183,-0.230,1.119,0.057,0.295,-0.483,9.092,-11.631,267.657
65780,0.157,1.855,3.001,-0.270,-0.236,0.973,0.061,0.298,-0.486,15.109,-13.632,267.016
65902,6.948,18.007,0.201,-0.358,-0.104,0.900,0.060,0.291,-0.489,21.557,-6.621,266.851
66023,0.289,13.405,18.725,-0.416,-0.218,0.887,0.076,0.299,-0.494,24.481,-13.797,264.323
66142,-16.327,-10.605,18.042,-0.523,-0.112,0.645,0.078,0.297,-0.501,38.636,-9.875,263.828
66279,-16.100,12.994,14.210,0.081,0.059,1.064,0.099,0.270,-0.510,-4.375,3.194,258.439
66398,-8.024,-9.520,18.112,-0.112,-0.083,0.916,0.106,0.261,-0.518,6.948,-5.193,256.541
66520,1.067,0.315,13.108,-0.227,-0.001,1.039,0.097,0.256,-0.516,12.304,-0.050,257.791
66641,-3.089,14.875,4.428,-0.214,0.107,1.266,0.116,0.254,-0.519,9.577,4.838,253.965
66762,14.403,4.716,-17.552,-0.077,0.091,0.887,0.118,0.259,-0.511,4.961,5.873,254.071
66884,7.271,-7.359,-7.508,-0.053,-0.230,0.759,0.102,0.276,-0.501,3.818,-16.841,258.187
67006,7.411,-19.933,-10.360,0.035,-0.081,1.265,0.088,0.270,-0.505,-1.585,-3.684,260.566
67125,-3.553,-3.071,15.330,-0.464,-0.116,0.967,0.068,0.279,-0.498,25.479,-6.832,264.774
67246,-8.094,32.743,11.699,-0.312,-0.204,1.030,0.095,0.274,-0.502,16.555,-11.189,259.489
67367,-0.849,-11.279,29.776,-0.488,-0.203,0.759,0.115,0.265,-0.513,31.829,-14.945,255.145
67488,-7.560,-3.404,20.667,-0.068,0.064,0.990,0.123,0.261,-0.514,3.930,3.682,253.295
67613,-0.551,-3.168,8.216,0.005,0.077,1.101,0.128,0.260,-0.509,-0.285,4.006,252.412
67731,0.201,31.666,-5.206,-0.386,0.138,1.050,0.126,0.255,-0.512,20.029,7.500,252.343
67850,2.905,-1.654,-16.004,-0.180,0.039,1.025,0.142,0.259,-0.511,9.931,2.167,249.807
67971,20.431,-10.071,-15.934,-0.043,0.037,0.717,0.126,0.269,-0.501,3.425,2.924,253.501
68102,15.330,18.384,-23.231,-0.056,-0.229,1.255,0.110,0.278,-0.498,2.536,-10.323,256.998
68227,8.925,13.090,-5.653,-0.326,-0.161,0.904,0.115,0.289,-0.495,19.556,-10.078,256.937
68348,-3.955,-9.441,13.466,-0.326,-0.249,0.938,0.123,0.286,-0.489,18.585,-14.857,255.405
68469,-12.110,2.424,18.690,-0.152,-0.091,0.903,0.121,0.276,-0.503,9.481,-5.780,254.969
68591,-20.177,-20.449,32.900,0.103,0.077,1.042,0.126,0.268,-0.502,-5.610,4.214,253.481
68713,7.359,22.321,1.619,-0.218,0.017,1.056,0.121,0.267,-0.499,11.673,0.907,254.168
68837,12.084,9.922,-18.060,-0.239,0.122,1.025,0.131,0.263,-0.502,13.034,6.805,252.186
68956,24.868,-4.637,-18.690,-0.013,-0.114,0.768,0.130,0.281,-0.491,0.981,-8.448,253.776
69078,-1.496,-0.105,-15.444,-0.009,-0.140,1.044,0.109,0.283,-0.483,0.498,-7.635,257.522
69199,-3.412,4.139,16.433,-0.345,-0.273,1.075,0.101,0.288,-0.480,17.290,-14.230,259.181
69320,-9.852,2.572,17.789,-0.179,-0.076,0.914,0.122,0.269,-0.485,11.067,-4.728,254.231
69442,-5.661,3.474,16.065,-0.160,-0.028,1.009,0.117,0.260,-0.483,9.011,-1.580,254.380
69560,-2.196,-9.958,5.119,0.085,0.025,0.926,0.119,0.262,-0.489,-5.227,1.544,254.106
69682,2.004,5.372,-7.053,-0.348,0.097,1.074,0.112,0.272,-0.493,17.880,5.158,256.283
69803,7.997,2.074,-17.622,-0.193,-0.011,0.971,0.118,0.274,-0.483,11.243,-0.644,255.325
69921,4.497,1.452,-4.926,-0.050,-0.149,0.797,0.098,0.282,-0.484,3.530,-10.602,259.508
70043,-0.420,-2.030,11.646,-0.056,-0.182,1.244,0.089,0.290,-0.485,2.548,-8.337,261.508
70165,-6.046,7.088,33.530,-0.287,-0.143,0.952,0.095,0.301,-0.499,16.612,-8.544,260.980
70284,9.240,-12.110,29.645,-0.243,-0.167,0.967,0.127,0.309,-0.501,13.898,-9.812,256.200
70406,4.891,-17.448,4.795,-0.261,-0.004,0.884,0.140,0.301,-0.496,16.468,-0.241,253.668
70528,0.324,-16.581,20.685,-0.153,-0.041,1.010,0.142,0.307,-0.482,8.613,-2.341,253.711
70649,8.549,28.464,19.434,-0.237,0.036,1.081,0.148,0.316,-0.480,12.344,1.920,253.537
70775,17.841,-4.935,12.512,0.064,-0.123,0.728,0.159,0.333,-0.477,-4.953,-9.611,253.006
70893,13.318,-10.010,3.561,-0.087,-0.211,0.990,0.157,0.347,-0.473,4.891,-12.049,254.286
71011,6.738,-3.203,15.068,-0.207,-0.330,1.205,0.155,0.352,-0.478,9.413,-15.336,254.808
71133,-15.776,18.007,1.899,-0.168,-0.170,0.882,0.171,0.337,-0.484,10.577,-10.928,251.664
71254,-20.580,22.881,-24.911,0.146,0.196,0.947,0.167,0.313,-0.492,-8.602,11.672,250.529
71379,-2.809,19.320,-14.280,-0.255,0.029,1.258,0.146,0.300,-0.490,11.448,1.339,252.714
71501,4.375,33.556,-4.165,0.442,-0.078,0.989,0.166,0.295,-0.488,-24.038,-4.494,249.224
71623,15.785,8.514,4.104,-0.340,0.072,0.457,0.138,0.289,-0.491,36.336,8.941,253.146
71745,9.196,22.321,-10.019,-0.062,-0.378,1.615,0.137,0.295,-0.491,2.130,-13.162,253.757
71863,-14.009,-19.486,-5.521,-0.323,-0.204,0.822,0.133,0.290,-0.493,20.872,-13.952,253.930
71985,-1.890,6.440,-4.681,-0.277,-0.202,0.847,0.133,0.277,-0.498,17.624,-13.399,252.901
72107,7.403,8.304,1.549,0.150,-0.010,1.065,0.140,0.271,-0.506,-8.026,-0.515,251.168
72228,-1.610,-5.766,3.509,-0.142,0.037,0.869,0.136,0.268,-0.498,9.282,2.437,251.764
72349,7.201,15.908,0.875,-0.114,-0.102,1.103,0.143,0.270,-0.506,5.856,-5.306,250.653
72468,-1.286,7.823,-12.871,-0.090,-0.001,0.808,0.149,0.259,-0.496,6.332,-0.104,248.679
72592,8.269,-0.061,1.234,-0.283,-0.175,0.949,0.135,0.264,-0.504,16.325,-10.438,251.459
72711,2.266,4.585,0.700,0.066,-0.107,1.109,0.141,0.270,-0.499,-3.393,-5.532,251.062
72833,1.759,-2.415,8.960,-0.272,0.023,0.764,0.141,0.271,-0.494,19.553,1.728,251.063
72954,7.613,-1.024,4.524,-0.116,-0.092,0.983,0.152,0.273,-0.498,6.684,-5.338,249.468
73075,-0.219,3.360,-5.565,-0.069,-0.076,0.903,0.151,0.276,-0.486,4.343,-4.781,249.790
73197,3.098,-0.726,-8.496,-0.177,-0.120,0.950,0.138,0.284,-0.492,10.502,-7.212,252.731
73322,1.531,-8.094,-4.707,-0.261,-0.134,0.941,0.122,0.296,-0.489,15.353,-8.124,256.170
73441,3.421,18.480,8.111,0.091,-0.024,1.230,0.124,0.310,-0.491,-4.250,-1.111,256.765
73563,5.609,0.149,9.599,-0.138,-0.097,0.870,0.140,0.324,-0.489,8.976,-6.364,255.160
73684,8.347,-20.151,6.387,-0.412,-0.110,0.803,0.149,0.318,-0.486,26.940,-7.826,253.446
73806,-0.053,22.260,-12.950,0.015,-0.057,1.263,0.147,0.310,-0.484,-0.686,-2.575,253.269
73931,-9.441,-13.641,-9.765,-0.412,0.020,0.865,0.123,0.322,-0.491,25.490,1.341,257.646
74053,5.915,14.875,13.807,-0.187,-0.021,1.031,0.129,0.314,-0.491,10.291,-1.156,256.191
74175,5.040,-10.377,5.267,-0.377,-0.038,1.020,0.140,0.307,-0.493,20.250,-2.154,254.044
74294,4.471,8.102,11.839,-0.323,-0.061,0.900,0.145,0.295,-0.495,19.716,-3.893,252.451
74416,3.946,-0.289,3.132,-0.222,-0.087,1.037,0.149,0.289,-0.484,12.021,-4.780,251.298
74540,2.179,6.108,10.894,-0.418,-0.030,0.895,0.139,0.290,-0.485,25.029,-1.913,252.918
74661,1.969,2.328,10.587,-0.362,-0.056,0.955,0.148,0.284,-0.490,20.745,-3.338,251.061
74782,1.645,3.693,2.240,-0.386,-0.067,0.942,0.145,0.279,-0.495,22.238,-4.046,251.217
74901,-1.715,7.823,5.705,-0.270,-0.005,1.088,0.145,0.281,-0.495,13.948,-0.273,251.233
75019,0.464,5.486,-1.628,-0.396,-0.100,0.949,0.136,0.284,-0.492,22.522,-6.030,252.893
75141,2.196,-0.613,-7.525,-0.185,-0.072,1.004,0.143,0.281,-0.507,10.390,-4.123,251.662
75262,-2.319,0.306,-0.788,-0.409,-0.058,0.932,0.130,0.281,-0.503,23.657,-3.581,253.685
75384,1.960,-8.234,-2.450,-0.310,-0.133,0.996,0.126,0.277,-0.494,17.144,-7.593,254.033
75505,2.030,5.670,-2.398,-0.260,-0.059,0.951,0.115,0.277,-0.502,15.293,-3.566,255.985
75624,3.973,-8.776,0.210,-0.392,-0.058,0.997,0.107,0.274,-0.502,21.417,-3.315,257.300
75745,3.071,6.239,13.248,-0.373,-0.076,0.937,0.102,0.278,-0.510,21.645,-4.643,258.363
75867,2.310,-0.236,16.774,-0.330,-0.069,0.979,0.110,0.275,-0.495,18.557,-4.008,256.748
75988,4.463,1.383,9.835,-0.420,-0.059,0.929,0.108,0.278,-0.493,24.287,-3.617,257.359
76110,1.383,3.675,-2.616,-0.351,-0.070,1.001,0.113,0.283,-0.494,19.292,-4.007,256.774
76231,5.985,6.633,-5.626,-0.499,-0.159,0.891,0.112,0.287,-0.500,28.865,-10.123,257.218
76350,-3.316,14.665,-0.796,-0.314,-0.077,0.916,0.115,0.287,-0.501,18.833,-4.780,256.774
76472,0.324,-6.414,-1.601,-0.437,-0.109,1.027,0.118,0.283,-0.504,22.939,-6.039,255.928
76593,-3.824,9.222,2.152,-0.658,0.000,0.840,0.105,0.273,-0.501,38.069,0.000,257.466
76715,-0.070,21.962,5.477,-0.054,-0.088,1.044,0.120,0.270,-0.507,2.960,-4.796,254.576
76836,3.273,12.950,4.506,0.109,-0.136,0.993,0.143,0.271,-0.502,-6.193,-7.807,250.726
76957,-1.041,4.541,-2.476,0.140,-0.105,0.998,0.153,0.273,-0.510,-7.968,-6.031,249.354
77079,0.000,-18.454,1.811,-0.085,-0.116,0.988,0.145,0.269,-0.510,4.899,-6.697,250.253
77200,-10.526,-29.286,5.329,-0.363,-0.181,0.974,0.127,0.270,-0.501,20.131,-10.536,253.350
77319,-5.276,1.820,-0.499,-0.194,0.091,1.013,0.119,0.256,-0.510,10.819,5.124,253.615
77441,4.051,7.954,4.786,-0.289,0.109,1.011,0.116,0.257,-0.511,15.845,6.176,254.383
77562,4.165,3.290,5.574,-0.111,0.015,0.955,0.125,0.257,-0.509,6.598,0.925,252.693
77687,-8.409,-9.354,-4.419,-0.217,0.040,0.964,0.119,0.258,-0.503,12.686,2.384,253.834
77809,1.479,0.438,-1.242,-0.292,-0.007,0.986,0.101,0.251,-0.509,16.499,-0.422,256.696
77928,13.886,-20.667,-3.868,-0.239,-0.019,0.928,0.079,0.257,-0.503,14.450,-1.171,261.444
78047,-7.831,-15.829,8.479,-0.277,-0.053,0.956,0.062,0.260,-0.504,16.134,-3.160,265.155
78168,-10.561,-0.245,-6.335,-0.218,0.073,0.966,0.062,0.247,-0.504,12.678,4.293,264.498
78289,1.304,7.508,-2.695,-0.190,0.015,0.966,0.058,0.247,-0.506,11.108,0.868,265.412
78411,7.367,-2.319,-7.280,-0.228,-0.022,0.974,0.058,0.247,-0.509,13.179,-1.320,265.363
78533,4.707,-0.954,3.981,-0.248,-0.038,0.919,0.051,0.246,-0.509,15.115,-2.361,266.844
78655,-1.925,-8.873,12.259,-0.290,0.027,0.950,0.046,0.245,-0.510,16.950,1.647,267.907
78774,6.519,-1.365,8.339,-0.308,-0.016,0.961,0.046,0.250,-0.509,17.791,-0.979,268.162
78896,1.899,-3.168,1.435,-0.318,-0.027,0.949,0.044,0.252,-0.505,18.519,-1.628,268.581
79020,1.286,0.035,4.707,-0.289,0.033,0.952,0.041,0.246,-0.511,16.864,1.981,269.197
79138,1.015,2.931,4.795,-0.391,-0.029,0.947,0.034,0.255,-0.502,22.412,-1.771,270.905
79260,-0.245,9.406,5.057,-0.265,-0.018,0.945,0.044,0.253,-0.506,15.657,-1.062,268.753
79379,1.024,1.881,5.504,-0.290,-0.065,0.965,0.052,0.255,-0.506,16.679,-3.829,267.046
79498,-0.980,-2.896,5.591,-0.334,-0.006,0.941,0.048,0.251,-0.512,19.542,-0.368,267.646
79636,1.260,1.216,5.128,-0.319,0.000,0.950,0.046,0.247,-0.510,18.549,0.029,268.127
79757,3.386,-1.260,10.999,-0.295,0.027,0.949,0.046,0.253,-0.515,17.232,1.601,268.342
79879,6.247,0.245,8.855,-0.277,-0.024,0.977,0.052,0.255,-0.515,15.841,-1.420,266.992
80000,1.207,0.665,1.435,-0.312,-0.060,0.942,0.047,0.260,-0.511,18.299,-3.643,268.373
80121,-2.188,4.016,2.047,-0.283,0.025,0.963,0.044,0.258,-0.510,16.342,1.505,268.982
80246,1.356,-0.569,3.063,-0.355,-0.028,0.966,0.041,0.260,-0.510,20.155,-1.642,269.630
80368,1.190,2.415,2.940,-0.333,-0.013,0.959,0.047,0.254,-0.507,19.147,-0.747,268.178
80487,2.301,12.898,5.136,-0.309,-0.011,0.961,0.046,0.251,-0.514,17.834,-0.665,268.219